Source,Target,Type,Label,Weight,Person_Index_Year,Assoc_Index_Year
敖繼公,趙孟頫,Directed,學生為Y,1,,1254
包恢,陳鳳,Directed,學生為Y,1,1182,
包揚,吳倫,Directed,門人為Y,1,1152,
包揚,吳伸,Directed,門人為Y,1,1152,
包揚,鞠巖,Directed,學生為Y,1,1152,1198
蔡杭,劉逢源,Directed,學生為Y,1,1193,
蔡和,江與權,Directed,門人為Y,1,,
蔡和,黃以翼,Directed,學生為Y,1,,
蔡和,鄭思忱,Directed,學生為Y,1,,
蔡京,毛滂,Directed,門人為Y,1,1047,
蔡京,朱諤,Directed,門人為Y,1,1047,1061
蔡蒙吉,侯安國,Directed,學生為Y,1,,
蔡蒙叟,吳千仞,Directed,學生為Y,1,,968
蔡夢說,高耕,Directed,門人為Y,1,,
蔡沈,劉欽,Directed,弟子為Y,1,1167,1204
蔡希點,潘希宗,Directed,學生為Y,1,,
蔡襄,王英英,Directed,弟子為Y,1,1012,
蔡淵,熊酉,Directed,學生為Y,1,1156,
蔡淵,熊剛大,Directed,學生為Y,1,1156,1184
蔡淵,熊慶冑,Directed,學生為Y,1,1156,
蔡淵,翁泳,Directed,學生為Y,1,1156,
蔡淵,葉采,Directed,學生為Y,1,1156,1211
蔡元定,毛壽朋,Directed,門人為Y,1,1135,
蔡元定,吳雅,Directed,門人為Y,1,1135,1182
蔡元定,丘崇,Directed,門人為Y,1,1135,
蔡元定,王域,Directed,弟子為Y,1,1135,
曹涇,馬端復,Directed,學生為Y,1,1234,1252
曹涇,馬端臨,Directed,學生為Y,1,1234,1254
曹確,曹璪,Directed,學生為Y,1,1029,1077
曹確,曹璉,Directed,學生為Y,1,1029,1079
曾丰,鄧傳之,Directed,學生為Y,1,1142,
曾鳳,文天祥,Directed,學生為Y,1,,1236
曾鞏,朱軾,Directed,學生為Y,1,1019,1049
曾鞏,胡敏,Directed,學生為Y,1,1019,1018
曾鞏,張大亨,Directed,學生為Y,1,1019,1055
曾鞏,張大亨,Directed,學生為Y,1,1019,
曾鞏,劉希聲,Directed,學生為Y,1,1019,
曾鞏,劉希聲,Directed,學生為Y,1,1019,
曾鞏,劉伯聲,Directed,學生為Y,1,1019,
曾鞏,張文淑,Directed,學生為Y,1,1019,
曾幾,陸游,Directed,學生為Y,1,1084,1125
曾幾,李商叟,Directed,學生為Y,1,1084,
曾季貍,吳漸,Directed,學生為Y,1,,1124
曾肇,李撰,Directed,學生為Y,1,1047,1043
曾穜,李祐之,Directed,門人為Y,1,1120,
柴元裕,饒魯,Directed,門人為Y,1,,1193
柴元裕,湯漢,Directed,門人為Y,1,,1214
柴元裕,李伯玉,Directed,門人為Y,1,,1205
柴元裕,饒魯,Directed,學生為Y,1,,1193
柴元裕,湯漢,Directed,學生為Y,1,,1214
柴元裕,湯漢,Directed,學生為Y,1,,1214
柴元裕,李伯玉,Directed,學生為Y,1,,1205
柴元裕,張宏,Directed,學生為Y,1,,
柴中守,羅晉,Directed,學生為Y,1,1162,1196
柴中行,湯漢,Directed,學生為Y,1,1160,1214
晁補之,杜欽卨,Directed,學生為Y,1,1049,1063
晁補之,黃汝翼,Directed,學生為Y,1,1049,1055
晁公遡,師璿,Directed,弟子為Y,1,1108,
晁詠之,邵溥,Directed,學生為Y,1,1064,1085
車瑾,蔡夢說,Directed,學生為Y,1,1132,
車若水,盛象翁,Directed,學生為Y,1,,
車若水,潘希宗,Directed,學生為Y,1,,
陳淳,江與權,Directed,門人為Y,1,1159,
陳淳,李A,Directed,門人為Y,1,1159,
陳淳,卓琮,Directed,門人為Y,1,1159,
陳淳,楊昭復,Directed,學生為Y,1,1159,
陳傅良,胡大時,Directed,學生為Y,1,1137,1136
陳傅良,林子燕,Directed,學生為Y,1,1137,1169
陳傅良,袁申儒,Directed,學生為Y,1,1137,1160
陳傅良,趙希錧,Directed,學生為Y,1,1137,1176
陳傅良,胡宗,Directed,學生為Y,1,1137,1163
陳傅良,呂聲之,Directed,學生為Y,1,1137,1143
陳傅良,沈體仁,Directed,學生為Y,1,1137,1150
陳傅良,曹叔遠,Directed,學生為Y,1,1137,1160
陳傅良,黃章,Directed,學生為Y,1,1137,1166
陳傅良,林頤叔,Directed,學生為Y,1,1137,1142
陳傅良,林淵叔,Directed,學生為Y,1,1137,1144
陳傅良,朱黼,Directed,學生為Y,1,1137,1150
陳傅良,周勉,Directed,學生為Y,1,1137,
陳傅良,胡時,Directed,學生為Y,1,1137,
陳傅良,倪千里,Directed,學生為Y,1,1137,1157
陳傅良,陳巖,Directed,學生為Y,1,1137,1154
陳傅良,馮琳,Directed,學生為Y,1,1137,1150
陳傅良,馮瑜,Directed,學生為Y,1,1137,1150
陳傅良,林安之,Directed,學生為Y,1,1137,1142
陳傅良,吳琚,Directed,弟子為Y,1,1137,1154
陳傅良,呂冲之,Directed,弟子為Y,1,1137,1169
陳瓘,方伯載,Directed,門人為Y,1,1057,
陳瓘,廖剛,Directed,學生為Y,1,1057,1071
陳瓘,蔣珫,Directed,學生為Y,1,1057,1076
陳瓘,陳篆,Directed,學生為Y,1,1057,1094
陳瓘,林彖,Directed,學生為Y,1,1057,
陳瓘,林宋卿,Directed,學生為Y,1,1057,1076
陳瓘,黃沇,Directed,學生為Y,1,1057,
陳瓘,詹勉,Directed,學生為Y,1,1057,
陳瓘,蕭建功,Directed,學生為Y,1,1057,
陳景肅,楊士(仕)訓,Directed,學生為Y,1,1121,1162
陳景肅,薛京,Directed,學生為Y,1,1121,
陳駿,陳成父,Directed,門人為Y,1,1139,1169
陳立大,吳謙,Directed,學生為Y,1,,
陳櫟,朱升,Directed,學生為Y,1,1252,1299
陳亮,章湜,Directed,學生為Y,1,1143,1136
陳亮,丁希亮,Directed,學生為Y,1,1143,1146
陳亮,何堅,Directed,學生為Y,1,1143,
陳亮,章椿,Directed,學生為Y,1,1143,
陳亮,喻南強,Directed,學生為Y,1,1143,
陳亮,樓應元,Directed,學生為Y,1,1143,
陳鵬飛,秦熺,Directed,學生為Y,1,1112,1098
陳鵬飛,黃補,Directed,學生為Y,1,1112,
陳耆卿,吳子良,Directed,學生為Y,1,1180,1197
陳樵,楊君芾,Directed,弟子為Y,1,1278,
陳師道,晁冲之,Directed,學生為Y,1,1053,1075
陳師道,周子雍,Directed,學生為Y,1,1053,
陳師道,寇國寶,Directed,學生為Y,1,1053,1067
陳師道,趙䶵之,Directed,學生為Y,1,1053,
陳特,周必大,Directed,學生為Y,1,,1126
陳摶,張無夢,Directed,學生為Y,1,926,1002
陳摶,穆修,Directed,學生為Y,1,926,979
陳摶,吳景鸞,Directed,弟子為Y,1,926,
陳摶,吳克誠,Directed,弟子為Y,1,926,
陳文蔚,徐元傑,Directed,弟子為Y,1,1154,1193
陳襄,江衍,Directed,門人為Y,1,1017,1031
陳襄,孫覺,Directed,門人為Y,1,1017,1028
陳襄,傅楫,Directed,門人為Y,1,1017,1042
陳襄,陳貽範,Directed,門人為Y,1,1017,1037
陳襄,管師復,Directed,門人為Y,1,1017,1038
陳襄,管師常,Directed,門人為Y,1,1017,1040
陳襄,吳道,Directed,學生為Y,1,1017,
陳襄,呂逢時,Directed,學生為Y,1,1017,
陳易,蔡和,Directed,學生為Y,1,1166,
陳淵,沈度,Directed,學生為Y,1,1082,
陳璪,胡仲勉,Directed,門人為Y,1,,
陳藻,劉翼,Directed,門人為Y,1,,
陳藻,林鶚翁,Directed,學生為Y,1,,1211
陳藻,劉翼,Directed,學生為Y,1,,
陳藻,黃自信,Directed,學生為Y,1,,1198
陳著,趙炎,Directed,學生為Y,1,1224,1235
陳震,何基,Directed,學生為Y,1,1163,1188
陳震,楊元定,Directed,學生為Y,1,1163,1186
陳埴,車安行,Directed,學生為Y,1,,1194
陳埴,車安行,Directed,學生為Y,1,1157,1194
陳埴,翁敏之,Directed,學生為Y,1,1157,
陳埴,翁巖壽,Directed,學生為Y,1,1157,1214
陳埴,蔣世珍,Directed,學生為Y,1,1157,1229
程珌,舒撝,Directed,學生為Y,1,1164,1191
程鼎,董琦,Directed,學生為Y,1,1107,1117
程端禮,樂良,Directed,學生為Y,1,1271,
程顥,楊時,Directed,學生為Y,1,1032,1053
程顥,周純明,Directed,學生為Y,1,1032,1042
程顥,邢恕,Directed,學生為Y,1,1032,1038
程顥,王蘋,Directed,學生為Y,1,1032,1082
程顥,謝良佐,Directed,學生為Y,1,1032,1039
程顥,沈躬行,Directed,學生為Y,1,1032,1064
程顥,蘇昞,Directed,學生為Y,1,1032,1043
程顥,林志寧,Directed,學生為Y,1,1032,
程顥,游酢,Directed,弟子為Y,1,1032,1053
程迥,高元之,Directed,學生為Y,1,1133,1142
程若庸,吳錫疇,Directed,學生為Y,1,1238,1215
程時登,程正則,Directed,學生為Y,1,1249,
程頤,范域,Directed,門人為Y,1,1033,
程頤,邵溥,Directed,門人為Y,1,1033,1085
程頤,趙霄,Directed,門人為Y,1,1033,1062
程頤,吳給,Directed,門人為Y,1,1033,1084
程頤,楊時,Directed,學生為Y,1,1033,1053
程頤,晏敦復,Directed,學生為Y,1,1033,1075
程頤,周行己,Directed,學生為Y,1,1033,1061
程頤,尹焞,Directed,學生為Y,1,1033,1071
程頤,邢恕,Directed,學生為Y,1,1033,1038
程頤,王蘋,Directed,學生為Y,1,1033,1082
程頤,許景衡,Directed,學生為Y,1,1033,1072
程頤,焦瑗,Directed,學生為Y,1,1033,
程頤,袁溉,Directed,學生為Y,1,1033,
程頤,呂義山,Directed,學生為Y,1,1033,1061
程頤,謝良佐,Directed,學生為Y,1,1033,1039
程頤,侯仲良,Directed,學生為Y,1,1033,1038
程頤,劉安節,Directed,學生為Y,1,1033,1068
程頤,戴述,Directed,學生為Y,1,1033,1074
程頤,李參,Directed,學生為Y,1,1033,1050
程頤,沈躬行,Directed,學生為Y,1,1033,1064
程頤,楊迪,Directed,學生為Y,1,1033,1055
程頤,蘇昞,Directed,學生為Y,1,1033,1043
程頤,張繹,Directed,學生為Y,1,1033,
程頤,馬伸,Directed,學生為Y,1,1033,1066
程頤,周恭先,Directed,學生為Y,1,1033,
程頤,周孚先,Directed,學生為Y,1,1033,
程頤,唐棣,Directed,學生為Y,1,1033,1085
程頤,張閎中,Directed,學生為Y,1,1033,
程頤,陳經正,Directed,學生為Y,1,1033,1081
程頤,陳經邦,Directed,學生為Y,1,1033,1083
程頤,趙彥道,Directed,學生為Y,1,1033,1052
程頤,暢大隱,Directed,學生為Y,1,1033,
程頤,練繪,Directed,學生為Y,1,1033,
程頤,鮑若雨,Directed,學生為Y,1,1033,
程頤,謝湜,Directed,學生為Y,1,1033,1055
程頤,游酢,Directed,弟子為Y,1,1033,1053
程頤,李處廉,Directed,弟子為Y,1,1033,1078
程頤,李籲,Directed,弟子為Y,1,1033,1050
程正則,程時登,Directed,學生為Y,1,,1249
程舟,董琦,Directed,學生為Y,1,1121,1117
崔白,吳元瑜,Directed,學生為Y,1,,
崔與之,曾士倬,Directed,學生為Y,1,1163,1220
崔與之,黃鏞,Directed,學生為Y,1,1163,
戴表元,陳繹曾,Directed,學生為Y,1,1244,1287
戴良,唐轂,Directed,學生為Y,1,1317,
戴良,唐轅,Directed,學生為Y,1,1317,
戴良,夏璿,Directed,學生為Y,1,1317,
戴仲弼,劉庭老,Directed,學生為Y,1,,1153
鄧牧,李坦之,Directed,學生為Y,1,1247,
丁復,夏煜,Directed,學生為Y,1,,
董夢程,胡方平,Directed,學生為Y,1,1175,1217
董夢程,沈貴寶,Directed,弟子為Y,1,1175,
董銖,董琮,Directed,學生為Y,1,1152,1166
董銖,程正則,Directed,學生為Y,1,1152,
董銖,程時登,Directed,學生為Y,1,1152,1249
竇從周,衛炳,Directed,學生為Y,1,,
竇默,王開,Directed,弟子為Y,1,1196,
竇儼,趙孚,Directed,門人為Y,1,919,
杜本,陶宗儀,Directed,學生為Y,1,1276,1329
杜範,車若水,Directed,門人為Y,1,1182,
杜希仲,魏了翁,Directed,學生為Y,1,,1178
杜知仁,項采,Directed,學生為Y,1,1145,
杜子野,王安石,Directed,學生為Y,1,,1021
杜子野,王安石,Directed,弟子為Y,1,,1021
段成己,段思溫,Directed,學生為Y,1,1199,1240
范百祿,張宇,Directed,學生為Y,1,1030,
范彬,劉樸,Directed,學生為Y,1,,
范成大,張潞,Directed,學生為Y,1,1126,
范純粹,梁寬,Directed,學生為Y,1,1046,1043
范純仁,張紆,Directed,學生為Y,1,1027,
范諤昌,劉牧,Directed,學生為Y,1,,1011
范浚,范端臣,Directed,學生為Y,1,1102,1124
范浚,范端杲,Directed,學生為Y,1,1102,1126
范浚,邵恂,Directed,學生為Y,1,1102,
范浚,柴喆,Directed,學生為Y,1,1102,
范浚,張龜年,Directed,學生為Y,1,1102,1124
范浚,陳九言,Directed,學生為Y,1,1102,
范浚,虞唐佐,Directed,學生為Y,1,1102,
范浚,高栴,Directed,弟子為Y,1,1102,1108
范寬,高洵,Directed,學生為Y,1,,
范梈,危素,Directed,學生為Y,1,1272,1303
范雩,范成大,Directed,學生為Y,1,1094,1126
范正平,劉嶠,Directed,學生為Y,1,1057,1077
范仲彪,朱熹,Directed,學生為Y,1,1097,1130
范仲黼,鄧諫從,Directed,學生為Y,1,1148,
范仲黼,蘇在鎔,Directed,學生為Y,1,1148,1153
范仲淹,王凝,Directed,門人為Y,1,989,1046
范仲淹,劉牧,Directed,學生為Y,1,989,1011
范子堅,姚勉,Directed,弟子為Y,1,,1216
范祖幹,汪與立,Directed,學生為Y,1,1322,
方逢辰,魏新之,Directed,學生為Y,1,1221,1242
方鳳,柳貫,Directed,學生為Y,1,1240,1270
方鳳,吳萊,Directed,學生為Y,1,1240,1297
方鳳,黃景昌,Directed,學生為Y,1,1240,1261
方阜鳴,劉克莊,Directed,學生為Y,1,1157,1187
方暹,萬鎮,Directed,學生為Y,1,,1220
方岳,吳龍翰,Directed,門人為Y,1,1199,1233
方澤孺,林訔,Directed,門人為Y,1,,1179
方澤需,劉克莊,Directed,學生為Y,1,,1187
馮誠之,李石,Directed,學生為Y,1,1143,1108
馮去非,陳瀧,Directed,學生為Y,1,1192,
符蒙,孟賓于,Directed,學生為Y,1,881,
輔廣,董槐,Directed,學生為Y,1,,1199
輔廣,余端臣,Directed,學生為Y,1,,1164
輔廣,朱鵬飛,Directed,學生為Y,1,,1223
傅維清,吳士亨,Directed,學生為Y,1,,
傅寅,傅芷,Directed,弟子為Y,1,1148,1148
傅子雲,葉夢得,Directed,學生為Y,1,,
甘楚材,詹同,Directed,學生為Y,1,,1331
高弁,劉顏,Directed,門人為Y,1,966,993
高弁,石延年,Directed,門人為Y,1,966,994
高弁,劉潛,Directed,門人為Y,1,966,
高道充,魏了翁,Directed,學生為Y,1,1162,1178
高道充,魏了翁,Directed,學生為Y,1,1162,1178
高登,林宗臣,Directed,學生為Y,1,1085,
高登,陳景肅,Directed,學生為Y,1,1085,1121
高閌,高材,Directed,學生為Y,1,1097,
高克明,高洵,Directed,學生為Y,1,,
高商老,邵機,Directed,學生為Y,1,,
高守道,楊萬里,Directed,學生為Y,1,,1127
高遜志,楊榮,Directed,學生為Y,1,1339,1370
高遜志,陳繼之,Directed,學生為Y,1,1339,1339
高遜志,顧佐,Directed,學生為Y,1,1339,
高遜志,黃鉞,Directed,學生為Y,1,1339,1341
高元之,屠槐,Directed,弟子為Y,1,1142,1196
葛潀,周必大,Directed,學生為Y,1,1126,1126
葛潀,楊萬里,Directed,學生為Y,1,1126,1127
葛洪,胡楚材,Directed,學生為Y,1,1174,
葛長庚,金農,Directed,學生為Y,1,1134,1687
龔鼎臣,劉摯,Directed,學生為Y,1,1010,1027
貢師泰,高遜志,Directed,學生為Y,1,1298,1339
關注,曾崇,Directed,學生為Y,1,1105,1115
毌昭裔,孫逢吉,Directed,門人為Y,1,891,1135
毌昭裔,句中正,Directed,門人為Y,1,891,929
郭雍,曾穜,Directed,學生為Y,1,1091,1120
郭載,譙定,Directed,學生為Y,1,,
郭忠孝,謝諤,Directed,門人為Y,1,1063,1121
國子綱,樓鑰,Directed,學生為Y,1,,1137
國子綱,蔣仲武,Directed,學生為Y,1,,
韓古遺,張以寧,Directed,學生為Y,1,,1301
韓禾,陳萬里,Directed,學生為Y,1,1205,1238
韓駒,范季隨,Directed,學生為Y,1,1072,
韓琦,許幾,Directed,門人為Y,1,1008,1054
韓琦,曾宏,Directed,門人為Y,1,1008,
韓性,王冕,Directed,學生為Y,1,1266,1296
韓用師,史夢龍,Directed,弟子為Y,1,,
何基,金履祥,Directed,門人為Y,1,1188,1232
何基,汪開之,Directed,門人為Y,1,1188,1197
何基,王仁,Directed,門人為Y,1,1188,
何基,余澤,Directed,門人為Y,1,1188,
何基,王侃,Directed,學生為Y,1,1188,1186
何基,季鏞,Directed,學生為Y,1,1188,1175
何基,何子舉,Directed,學生為Y,1,1188,1203
何基,倪公武,Directed,學生為Y,1,1188,
何基,倪公晦,Directed,學生為Y,1,1188,
何基,張潤之,Directed,學生為Y,1,1188,
何基,張必大,Directed,學生為Y,1,1188,
何基,金麟,Directed,學生為Y,1,1188,
何基,童偕,Directed,學生為Y,1,1188,
何基,童俱,Directed,學生為Y,1,1188,
何基,汪蒙,Directed,弟子為Y,1,1188,
何堅,金履祥,Directed,弟子為Y,1,1186,1232
何普,魏了翁,Directed,學生為Y,1,1142,1178
何群,馮正符,Directed,學生為Y,1,,1052
何源,莫如德,Directed,門人為Y,1,1193,1214
何執,朱雪,Directed,學生為Y,1,,
何子舉,胡震,Directed,門人為Y,1,1203,
洪天錫,丘葵,Directed,學生為Y,1,1209,1244
洪焱祖,唐桂芳,Directed,學生為Y,1,1267,1299
侯克中,郭郁,Directed,學生為Y,1,,1257
侯仲良,胡宏,Directed,學生為Y,1,1038,1106
胡安國,王樞,Directed,門人為Y,1,1074,1115
胡安國,江致一,Directed,門人為Y,1,1074,
胡安國,韓璜,Directed,學生為Y,1,1074,
胡安國,薛徽言,Directed,學生為Y,1,1074,1093
胡安國,胡憲,Directed,學生為Y,1,1074,1086
胡安國,向浯,Directed,學生為Y,1,1074,1116
胡安國,胡襄,Directed,學生為Y,1,1074,1108
胡安國,劉芮,Directed,學生為Y,1,1074,1120
胡安國,徐時動,Directed,學生為Y,1,1074,
胡安國,彪虎臣,Directed,學生為Y,1,1074,1078
胡安國,楊訓,Directed,學生為Y,1,1074,1058
胡安國,黎明,Directed,學生為Y,1,1074,
胡安國,譚知禮,Directed,學生為Y,1,1074,
胡處邦,何士昭,Directed,門人為Y,1,,1055
胡斗元,俞洪,Directed,門人為Y,1,1224,
胡方平,李偉,Directed,弟子為Y,1,1217,1246
胡宏,張栻,Directed,學生為Y,1,1106,1133
胡宏,趙棠,Directed,學生為Y,1,1106,1128
胡宏,胡大原,Directed,學生為Y,1,1106,1128
胡宏,譚傃,Directed,學生為Y,1,1106,
胡宏,楊大異,Directed,學生為Y,1,1106,1190
胡宏,吳翌,Directed,學生為Y,1,1106,1129
胡宏,彪居正,Directed,學生為Y,1,1106,1108
胡鑑,文天祥,Directed,學生為Y,1,1220,1236
胡晉侯,秦觀,Directed,學生為Y,1,1061,1055
胡銓,王端朝,Directed,門人為Y,1,1102,1123
胡銓,楊萬里,Directed,學生為Y,1,1102,1127
胡銓,施峻,Directed,學生為Y,1,1102,
胡銓,崔若舟,Directed,學生為Y,1,1102,1110
胡銓,崔若兩,Directed,學生為Y,1,1102,1110
胡銓,鄧洵美,Directed,學生為Y,1,1102,1095
胡銓,蕭楚,Directed,弟子為Y,1,1102,1064
胡三省,汪宗臣,Directed,學生為Y,1,1229,1173
胡憲,朱熹,Directed,學生為Y,1,1086,1130
胡憲,朱熹,Directed,學生為Y,1,1086,1130
胡憲,呂祖謙,Directed,學生為Y,1,1086,1137
胡憲,劉懋,Directed,學生為Y,1,1086,1114
胡憲,劉懋,Directed,學生為Y,1,1086,1114
胡憲,魏掞之,Directed,學生為Y,1,1086,1116
胡憲,魏穎,Directed,學生為Y,1,1086,1049
胡憲,邵景之,Directed,學生為Y,1,1086,1142
胡憲,張哲,Directed,學生為Y,1,1086,
胡一桂,董真卿,Directed,學生為Y,1,1247,
胡寅,劉荀,Directed,學生為Y,1,1098,
胡寅,毛以謨,Directed,學生為Y,1,1098,
胡寅,毛以謨,Directed,學生為Y,1,1098,
胡寅,石安民,Directed,學生為Y,1,1098,1115
胡寅,金悅,Directed,學生為Y,1,1098,
胡寅,梁觀國,Directed,學生為Y,1,1098,1088
胡寅,黃執矩,Directed,學生為Y,1,1098,
胡泳,李仁深,Directed,弟子為Y,1,,1186
胡泳,李仁垕,Directed,弟子為Y,1,,1203
胡瑗,陳貽範,Directed,門人為Y,1,993,1037
胡瑗,劉民先,Directed,門人為Y,1,993,1037
胡瑗,王觀,Directed,門人為Y,1,993,1027
胡瑗,饒子儀,Directed,門人為Y,1,993,
胡瑗,林晟,Directed,門人為Y,1,993,
胡瑗,張巨,Directed,學生為Y,1,993,1063
胡瑗,周之道,Directed,學生為Y,1,993,1030
胡瑗,范純仁,Directed,學生為Y,1,993,1027
胡瑗,劉彝,Directed,學生為Y,1,993,1022
胡瑗,莫君陳,Directed,學生為Y,1,993,1027
胡瑗,孫覺,Directed,學生為Y,1,993,1028
胡瑗,王得臣,Directed,學生為Y,1,993,1029
胡瑗,游烈,Directed,學生為Y,1,993,1027
胡瑗,朱臨,Directed,學生為Y,1,993,1019
胡瑗,凌浩,Directed,學生為Y,1,993,1035
胡瑗,呂希哲,Directed,學生為Y,1,993,1048
胡瑗,歐陽發,Directed,學生為Y,1,993,1040
胡瑗,方仲宇,Directed,學生為Y,1,993,1037
胡瑗,倪天隱,Directed,學生為Y,1,993,
胡瑗,張君奭,Directed,學生為Y,1,993,1042
胡瑗,翁仲通,Directed,學生為Y,1,993,1027
胡瑗,趙屼,Directed,學生為Y,1,993,1035
胡瑗,盛僑,Directed,學生為Y,1,993,1023
胡瑗,胡稷言,Directed,學生為Y,1,993,1036
胡瑗,陳敏,Directed,學生為Y,1,993,1040
胡瑗,管師復,Directed,學生為Y,1,993,1038
胡瑗,管師常,Directed,學生為Y,1,993,1040
胡瑗,苗授,Directed,學生為Y,1,993,1029
胡瑗,潘及甫,Directed,學生為Y,1,993,1016
胡瑗,蔡說,Directed,學生為Y,1,993,1022
胡瑗,汪澥,Directed,學生為Y,1,993,1042
胡瑗,徐積,Directed,學生為Y,1,993,1028
胡瑗,杜汝霖,Directed,學生為Y,1,993,
胡瑗,吳孜,Directed,學生為Y,1,993,1058
胡瑗,周穎,Directed,學生為Y,1,993,1040
胡瑗,祝常,Directed,學生為Y,1,993,
胡瑗,翁升,Directed,學生為Y,1,993,1052
胡瑗,張堅,Directed,學生為Y,1,993,
胡瑗,顧臨,Directed,弟子為Y,1,993,1023
胡瑗,王固,Directed,弟子為Y,1,993,1023
胡瑗,田述古,Directed,弟子為Y,1,993,1031
胡助,王士點,Directed,學生為Y,1,1278,1275
胡宗伋,孫介,Directed,學生為Y,1,1071,1114
胡宗伋,孫疇,Directed,學生為Y,1,1071,
扈蒙,柳肩吾,Directed,學生為Y,1,911,942
華直溫,蘇頌,Directed,學生為Y,1,1006,1020
㬊淵,陽枋,Directed,學生為Y,1,,1187
㬊淵,陽岊,Directed,學生為Y,1,,
黃補,陳鵬飛,Directed,學生為Y,1,,1112
黃幹,饒魯,Directed,學生為Y,1,,1193
黃榦,何基,Directed,學生為Y,1,1152,1188
黃榦,何堅,Directed,學生為Y,1,1152,1186
黃榦,饒魯,Directed,學生為Y,1,1152,1193
黃榦,朱鉅,Directed,學生為Y,1,1152,1190
黃榦,朱鈞,Directed,學生為Y,1,1152,1190
黃榦,李鑑,Directed,學生為Y,1,1152,1187
黃榦,吳泳,Directed,學生為Y,1,1152,1178
黃榦,董夢程,Directed,學生為Y,1,1152,1175
黃榦,董夢程,Directed,學生為Y,1,1152,1175
黃榦,吳昌裔,Directed,學生為Y,1,1152,1183
黃榦,李晦,Directed,學生為Y,1,1152,
黃榦,林子敭,Directed,學生為Y,1,1152,
黃榦,馬宗諒,Directed,學生為Y,1,1152,
黃榦,家𢴍,Directed,學生為Y,1,1152,
黃珪,張九成,Directed,學生為Y,1,1076,1092
黃績,林棟,Directed,門人為Y,1,1196,1241
黃績,林㝱協,Directed,學生為Y,1,1196,1217
黃績,鄭獻翁,Directed,學生為Y,1,1196,1235
黃溍,宋濂,Directed,學生為Y,1,1277,1310
黃溍,王褘,Directed,學生為Y,1,1277,1322
黃溍,戴良,Directed,學生為Y,1,1277,1317
黃溍,蔣允升,Directed,學生為Y,1,1277,1329
黃溍,陳基,Directed,學生為Y,1,1277,1314
黃溍,金涓,Directed,學生為Y,1,1277,
黃溍,劉涓,Directed,學生為Y,1,1277,
黃溍,朱廉,Directed,學生為Y,1,1277,
黃溍,傅藻,Directed,學生為Y,1,1277,
黃溍,朱濂,Directed,學生為Y,1,1277,
黃靜,熊剛大,Directed,學生為Y,1,1079,1184
黃筌,夏侯延祐,Directed,學生為Y,1,,
黃裳,何鏐,Directed,門人為Y,1,1146,
黃庭堅,宋完,Directed,門人為Y,1,1045,
黃庭堅,潘淳,Directed,學生為Y,1,1045,1027
黃庭堅,范溫,Directed,學生為Y,1,1045,1112
黃庭堅,張才叔,Directed,學生為Y,1,1045,
黃庭堅,崔子方,Directed,學生為Y,1,1045,
黃庭堅,黃沇,Directed,學生為Y,1,1045,
黃庭堅,黃沇,Directed,學生為Y,1,1045,
黃庭堅,楊皓,Directed,學生為Y,1,1045,
黃庭堅,蔡相,Directed,學生為Y,1,1045,
黃庭堅,劉瑜,Directed,學生為Y,1,1045,
黃庭堅,江端禮,Directed,弟子為Y,1,1045,1060
黃冔,黃觀,Directed,學生為Y,1,1308,1339
黃彥,韓羽,Directed,學生為Y,1,1042,1043
黃澤,趙汸,Directed,學生為Y,1,1260,1319
黃澤,朱升,Directed,學生為Y,1,1260,1299
嵇穎,張堯封,Directed,學生為Y,1,997,994
賈涉,劉克莊,Directed,學生為Y,1,1183,1187
賈似道,阮秀實,Directed,門人為Y,1,1213,
江側,葉祖洽,Directed,學生為Y,1,1043,1055
江濤,陳瓘,Directed,學生為Y,1,,1057
江萬里,俞應元,Directed,學生為Y,1,1198,1232
江萬里,詹仲美,Directed,學生為Y,1,1198,
江萬里,趙介如,Directed,學生為Y,1,1198,
江緯,汪藻,Directed,學生為Y,1,1070,1079
江緯,李處權,Directed,學生為Y,1,1070,1086
江緯,程俱,Directed,弟子為Y,1,1070,1078
江緯,趙子晝,Directed,弟子為Y,1,1070,1089
江緯,汪藻,Directed,弟子為Y,1,1070,1079
江緯,李處權,Directed,弟子為Y,1,1070,1086
姜夔,張輯,Directed,學生為Y,1,1155,
姜潛,劉摯,Directed,學生為Y,1,,1027
蔣雱,李章,Directed,學生為Y,1,,1057
蔣堂,施堪,Directed,門人為Y,1,980,
蔣之奇,王薦,Directed,學生為Y,1,1031,1046
焦瑗,沈樞,Directed,學生為Y,1,,1115
焦瑗,沈銖,Directed,學生為Y,1,,1115
焦瑗,沈鍾,Directed,學生為Y,1,,1145
焦瑗,沈銘,Directed,學生為Y,1,,1145
金履祥,郭炯,Directed,門人為Y,1,1232,
金履祥,許謙,Directed,學生為Y,1,1232,1270
金履祥,衛富益,Directed,學生為Y,1,1232,
金履祥,張樞,Directed,學生為Y,1,1232,1292
金履祥,柳貫,Directed,學生為Y,1,1232,1270
金履祥,趙宏偉,Directed,學生為Y,1,1232,1244
金履祥,唐良知,Directed,學生為Y,1,1232,
金履祥,唐良瑞,Directed,學生為Y,1,1232,
金履祥,郭子昭,Directed,學生為Y,1,1232,
金彥博,袁章,Directed,學生為Y,1,,1120
金彥博,袁文,Directed,學生為Y,1,,1119
金幼孜,高遜志,Directed,門人為Y,1,1368,1339
靳裁之,胡安國,Directed,學生為Y,1,,1074
柯夢得,劉克莊,Directed,學生為Y,1,,1187
樂雷發,姚勉,Directed,門人為Y,1,,1216
樂雷發,姚勉,Directed,學生為Y,1,,1216
樂良,張信,Directed,學生為Y,1,,
樂良,陳韶,Directed,學生為Y,1,,1341
李常,黃庭堅,Directed,學生為Y,1,1027,1045
李成,王元通,Directed,學生為Y,1,902,
李成季,劉克莊,Directed,學生為Y,1,,1187
李珫,謝皓,Directed,學生為Y,1,,1052
李珫,謝黻,Directed,學生為Y,1,,1064
李大辯,袁章,Directed,學生為Y,1,,1120
李大辯,戴日宣,Directed,學生為Y,1,,1137
李大辯,鮑俊德,Directed,學生為Y,1,,1128
李燾,㬊淵,Directed,學生為Y,1,1115,
李燾,謝疇,Directed,學生為Y,1,1115,
李侗,朱熹,Directed,學生為Y,1,1093,1130
李侗,羅博文,Directed,學生為Y,1,1093,1116
李侗,劉嘉譽,Directed,學生為Y,1,1093,
李端行,呂頤浩,Directed,門人為Y,1,1079,1071
李端行,呂頤浩,Directed,學生為Y,1,1079,1071
李燔,方暹,Directed,學生為Y,1,1168,
李燔,方輗,Directed,學生為Y,1,1160,
李燔,許應庚,Directed,學生為Y,1,1160,1199
李方子,葉采,Directed,門人為Y,1,1184,1198
李溉,劉牧,Directed,弟子為Y,1,,1011
李綱,鄭昌齡,Directed,門人為Y,1,1083,1091
李杲,王好古,Directed,學生為Y,1,1180,
李杲,羅天益,Directed,弟子為Y,1,1180,
李公麟,趙令晙,Directed,學生為Y,1,1049,1064
李公麟,賈師古,Directed,學生為Y,1,1049,
李珙,周必大,Directed,學生為Y,1,1115,1126
李覯,曾鞏,Directed,門人為Y,1,1009,1019
李覯,鄧潤甫,Directed,門人為Y,1,1009,1019
李覯,李山甫,Directed,門人為Y,1,1009,1019
李覯,李山甫,Directed,門人為Y,1,1009,1019
李覯,廖平,Directed,門人為Y,1,1009,1031
李覯,廖平,Directed,門人為Y,1,1009,1031
李覯,陳漢公,Directed,門人為Y,1,1009,1004
李覯,陳漢公,Directed,門人為Y,1,1009,1004
李覯,陳次公,Directed,門人為Y,1,1009,1016
李覯,陳次公,Directed,門人為Y,1,1009,1016
李覯,陳次山,Directed,門人為Y,1,1009,1023
李覯,廖廷玉,Directed,門人為Y,1,1009,
李覯,鄧立,Directed,門人為Y,1,1009,1009
李覯,鄧立,Directed,門人為Y,1,1009,1009
李覯,鄧仲甫,Directed,門人為Y,1,1009,1039
李覯,鄧仲甫,Directed,門人為Y,1,1009,1039
李覯,陳光遠,Directed,門人為Y,1,1009,1055
李覯,陳光遠,Directed,門人為Y,1,1009,1055
李覯,陳光道,Directed,門人為Y,1,1009,1029
李覯,陳光道,Directed,門人為Y,1,1009,1029
李覯,陳君平,Directed,門人為Y,1,1009,988
李覯,陳君平,Directed,門人為Y,1,1009,988
李覯,陳汝器,Directed,門人為Y,1,1009,1046
李覯,陳汝器,Directed,門人為Y,1,1009,1046
李覯,陳瓔,Directed,門人為Y,1,1009,1049
李覯,陳瓔,Directed,門人為Y,1,1009,1049
李覯,傅野,Directed,門人為Y,1,1009,1017
李覯,傅翼,Directed,門人為Y,1,1009,1043
李覯,傅翼,Directed,門人為Y,1,1009,1043
李覯,傅代言,Directed,門人為Y,1,1009,981
李覯,傅代言,Directed,門人為Y,1,1009,981
李覯,余疇若,Directed,門人為Y,1,1009,
李覯,余疇若,Directed,門人為Y,1,1009,
李覯,黃曦,Directed,門人為Y,1,1009,1070
李覯,黃曦,Directed,門人為Y,1,1009,1070
李覯,陳世南,Directed,門人為Y,1,1009,
李覯,陳世南,Directed,門人為Y,1,1009,
李覯,饒昌齡,Directed,門人為Y,1,1009,983
李覯,饒昌齡,Directed,門人為Y,1,1009,983
李覯,饒景先,Directed,門人為Y,1,1009,1013
李覯,饒見先,Directed,門人為Y,1,1009,1013
李覯,王幾,Directed,門人為Y,1,1009,
李覯,張延之,Directed,門人為Y,1,1009,
李覯,陳公燮,Directed,門人為Y,1,1009,
李覯,廖夷清,Directed,學生為Y,1,1009,995
李覯,王幾,Directed,學生為Y,1,1009,
李覯,鄧佑甫,Directed,學生為Y,1,1009,1021
李光,王趯,Directed,門人為Y,1,1078,1116
李龜朋,錢象祖,Directed,學生為Y,1,1109,1169
李浩,吳漸,Directed,學生為Y,1,1116,1124
李衡,龔昱,Directed,學生為Y,1,1100,1121
李坤臣,高斯得,Directed,學生為Y,1,1168,1201
李劉,杜抑之,Directed,弟子為Y,1,1178,
李昴英,曾士倬,Directed,學生為Y,1,1201,1220
李清照,韓玉父,Directed,學生為Y,1,1084,
李去智,衛涇,Directed,學生為Y,1,,1159
李石,程師夔,Directed,門人為Y,1,1108,1134
李石,馮誠之,Directed,學生為Y,1,1108,1143
李石,樂材,Directed,學生為Y,1,1108,1125
李石,句龍復成,Directed,學生為Y,1,1108,
李石,王龔,Directed,學生為Y,1,1108,
李石,劉伯熊,Directed,學生為Y,1,1108,
李氏（李嗣源女）,釋堅俊,Directed,弟子為Y,1,,
李舜臣,李惟正,Directed,學生為Y,1,1139,1152
李舜臣,李維正,Directed,學生為Y,1,1139,
李嵩,馬永忠,Directed,學生為Y,1,,
李畋,代淵,Directed,學生為Y,1,962,985
李孝光,陶宗儀,Directed,學生為Y,1,1296,1329
李亦,蔣允升,Directed,學生為Y,1,,1329
李則,李恂,Directed,學生為Y,1,,1115
李則,楊汝南,Directed,學生為Y,1,,1115
李之儀,韋許,Directed,學生為Y,1,1052,
李直方,陳樵,Directed,學生為Y,1,,1278
李廌,馬友直,Directed,學生為Y,1,1059,1070
李隲,蘇軾,Directed,學生為Y,1,1038,1036
李隲,黃珪,Directed,學生為Y,1,1038,1076
梁棟,周必大,Directed,學生為Y,1,,1126
梁楷,俞珙,Directed,學生為Y,1,,1146
梁克家,陳光,Directed,學生為Y,1,1128,1116
梁寅,蕭璚,Directed,學生為Y,1,1303,
梁應龍,單崔明,Directed,學生為Y,1,1207,
梁佐,何執中,Directed,學生為Y,1,1036,1044
廖德明,鄒應博,Directed,學生為Y,1,1139,1175
廖應淮,祝泌,Directed,學生為Y,1,1229,1244
林逋,釋居昱,Directed,學生為Y,1,957,
林成季,劉克莊,Directed,學生為Y,1,,1187
林椿,彭皋,Directed,學生為Y,1,,
林大中,呂浩,Directed,學生為Y,1,1131,1160
林復之,李雲龍,Directed,門人為Y,1,1151,
林光朝,林肅,Directed,門人為Y,1,1114,1146
林光朝,傅蒙,Directed,門人為Y,1,1114,
林光朝,林用中,Directed,門人為Y,1,1114,
林光朝,劉夙,Directed,學生為Y,1,1114,1124
林光朝,林方,Directed,學生為Y,1,1114,1160
林光朝,楊興宗,Directed,學生為Y,1,1114,1130
林光朝,林肅,Directed,學生為Y,1,1114,1146
林光朝,卓先,Directed,學生為Y,1,1114,1146
林光朝,黃芻,Directed,學生為Y,1,1114,1121
林光朝,林田,Directed,弟子為Y,1,1114,1144
林光朝,陳藻,Directed,弟子為Y,1,1114,
林簡,劉克莊,Directed,學生為Y,1,1123,1187
林簡,劉克莊,Directed,學生為Y,1,1123,1187
林簡子,劉克莊,Directed,學生為Y,1,,1187
林立之,李夢龍,Directed,門人為Y,1,1145,1184
林立之,林日選,Directed,學生為Y,1,1145,1184
林立之,林日選,Directed,學生為Y,1,,1184
林立之,李夢龍,Directed,學生為Y,1,,1184
林立之,林從周,Directed,學生為Y,1,,1196
林略,柯大春,Directed,學生為Y,1,1169,
林磻,王邁,Directed,學生為Y,1,1190,1185
林師魯,林用中,Directed,門人為Y,1,,
林師魯,林用中,Directed,學生為Y,1,,
林石,沈躬行,Directed,學生為Y,1,1004,1064
林希逸,林冑,Directed,學生為Y,1,1205,1237
林亦之,蘇國蘭,Directed,門人為Y,1,1093,1196
林亦之,陳藻,Directed,學生為Y,1,1093,
林亦之,朱準,Directed,學生為Y,1,1093,
林亦之,黃君任,Directed,學生為Y,1,1093,1205
林之奇,呂祖謙,Directed,學生為Y,1,1112,1137
林之奇,呂祖謙,Directed,學生為Y,1,1112,1137
林之奇,潘滋,Directed,學生為Y,1,1112,1138
林之奇,劉世南,Directed,學生為Y,1,1112,
劉安世,李光,Directed,學生為Y,1,1048,1078
劉安世,胡珵,Directed,學生為Y,1,1048,1091
劉安世,馬永卿,Directed,學生為Y,1,1048,1079
劉安世,楊萬里,Directed,學生為Y,1,1100,1127
劉安世,楊萬里,Directed,學生為Y,1,1100,1127
劉安世,林彖,Directed,學生為Y,1,1100,
劉炳,劉子昇,Directed,學生為Y,1,1337,
劉才邵,楊萬里,Directed,學生為Y,1,1086,1127
劉辰翁,趙孟僩,Directed,學生為Y,1,1232,
劉韐,祝奕,Directed,學生為Y,1,1067,1063
劉漢弻,陳策,Directed,學生為Y,1,1187,1200
劉垕,熊慶冑,Directed,學生為Y,1,1174,
劉岊,韓居仁,Directed,學生為Y,1,1223,
劉巨,蘇轍,Directed,學生為Y,1,,1039
劉巨,蘇軾,Directed,學生為Y,1,,1036
劉巨,蘇軾,Directed,學生為Y,1,,1036
劉巨,家勤國,Directed,學生為Y,1,,1034
劉均,胡震,Directed,門人為Y,1,,
劉康夫,湛存,Directed,學生為Y,1,1034,
劉蒙慶,諸葛埴,Directed,弟子為Y,1,1132,1156
劉勉之,朱熹,Directed,學生為Y,1,1059,1130
劉牧,吳祕,Directed,學生為Y,1,1011,1004
劉牧,黃黎獻,Directed,學生為Y,1,1011,
劉彭壽,詹同,Directed,學生為Y,1,1273,1331
劉清之,劉孟容,Directed,學生為Y,1,1134,1151
劉清之,韓冠卿,Directed,學生為Y,1,1134,1158
劉清之,韓度,Directed,學生為Y,1,1134,1210
劉清之,唐徹,Directed,學生為Y,1,1134,1169
劉清之,趙蕃,Directed,學生為Y,1,1134,1143
劉清之,朱魯叔,Directed,學生為Y,1,1134,
劉清之,曾祖道,Directed,學生為Y,1,1134,
劉清之,解齊賢,Directed,學生為Y,1,1134,
劉若川,周必大,Directed,門人為Y,1,1073,1126
劉若川,田亮功,Directed,門人為Y,1,1073,
劉詵,張瑩,Directed,學生為Y,1,1268,1302
劉師正,李潛,Directed,學生為Y,1,,1037
劉實翁,王充耘,Directed,學生為Y,1,,1304
劉述,劉摯,Directed,學生為Y,1,1004,1027
劉廷直,楊萬里,Directed,學生為Y,1,1115,1127
劉炎,王仁,Directed,門人為Y,1,,
劉炎,王佖,Directed,學生為Y,1,,1186
劉顏,張洞,Directed,學生為Y,1,993,
劉彝,鄒棐,Directed,學生為Y,1,1022,1043
劉因,安熙,Directed,學生為Y,1,1249,1270
劉應龜,黃溍,Directed,學生為Y,1,1244,1277
劉有貞,史堯輔,Directed,學生為Y,1,,1173
劉愚,余嶸,Directed,學生為Y,1,1133,1162
劉與孫,龍遇奇,Directed,學生為Y,1,1296,1571
劉愈,葉適,Directed,學生為Y,1,1096,1150
劉瞻,辛棄疾,Directed,學生為Y,1,1121,1140
劉瞻,党懷英,Directed,學生為Y,1,1121,
劉子翬,歐陽光祖,Directed,門人為Y,1,1101,1142
劉子翬,朱熹,Directed,學生為Y,1,1101,1130
劉子翬,朱熹,Directed,學生為Y,1,1101,1130
劉子翬,劉懋,Directed,學生為Y,1,1101,1114
劉子翬,劉懋,Directed,學生為Y,1,1101,1114
劉子翬,黃銖,Directed,弟子為Y,1,1101,1131
劉子羽,朱熹,Directed,學生為Y,1,1097,1130
柳貫,宋濂,Directed,門人為Y,1,1270,1310
柳貫,宋濂,Directed,學生為Y,1,1270,1310
柳貫,王褘,Directed,學生為Y,1,1270,1322
柳貫,方鳳,Directed,學生為Y,1,1270,1240
柳貫,戴良,Directed,學生為Y,1,1270,1317
柳開,高銑,Directed,門人為Y,1,947,922
柳開,高本,Directed,門人為Y,1,947,950
柳開,張景,Directed,門人為Y,1,947,970
柳開,任唐徵,Directed,門人為Y,1,947,
柳開,李憲,Directed,門人為Y,1,947,
柳開,馬應昌,Directed,門人為Y,1,947,
柳開,高弁,Directed,學生為Y,1,947,966
樓昉,鄭清之,Directed,學生為Y,1,1163,1176
樓昉,鄭次申,Directed,學生為Y,1,1163,1187
樓昉,鄭次時,Directed,學生為Y,1,1163,
樓觀,宋汝志,Directed,學生為Y,1,,
樓觀,徐道廣,Directed,學生為Y,1,,
樓郁,史詔,Directed,門人為Y,1,1023,1064
盧允文,楊萬里,Directed,學生為Y,1,,1127
陸持之,葉元老,Directed,學生為Y,1,1171,
陸佃,石景舒,Directed,學生為Y,1,1040,1054
陸佃,韓羽,Directed,學生為Y,1,1040,1043
陸佃,鄭云,Directed,學生為Y,1,1040,
陸佃,鄭褎,Directed,學生為Y,1,1040,
陸景端,林光朝,Directed,學生為Y,1,1105,1114
陸景端,林光朝,Directed,學生為Y,1,1105,1114
陸九臯,劉堯夫,Directed,門人為Y,1,1125,
陸九齡,袁燮,Directed,門人為Y,1,1132,1144
陸九齡,劉堯夫,Directed,門人為Y,1,1132,
陸九齡,曾滂,Directed,學生為Y,1,1132,1128
陸九齡,萬人傑,Directed,學生為Y,1,1132,
陸九韶,嚴松,Directed,學生為Y,1,1130,
陸九敘,黃叔豐,Directed,學生為Y,1,1123,
陸九淵,劉堯夫,Directed,門人為Y,1,1139,
陸九淵,趙彥悈,Directed,門人為Y,1,1139,1175
陸九淵,江泰之,Directed,門人為Y,1,1139,
陸九淵,汪堅老,Directed,門人為Y,1,1139,
陸九淵,李纓,Directed,門人為Y,1,1139,
陸九淵,李伯敏,Directed,門人為Y,1,1139,
陸九淵,傅子雲,Directed,門人為Y,1,1139,
陸九淵,利元吉,Directed,門人為Y,1,1139,1160
陸九淵,邵叔誼,Directed,門人為Y,1,1139,
陸九淵,劉思忠,Directed,門人為Y,1,1139,1151
陸九淵,石宗昭,Directed,學生為Y,1,1139,1142
陸九淵,沈煥,Directed,學生為Y,1,1139,1139
陸九淵,舒璘,Directed,學生為Y,1,1139,1136
陸九淵,舒琪,Directed,學生為Y,1,1139,1146
陸九淵,趙師雍,Directed,學生為Y,1,1139,1157
陸九淵,趙師蒧,Directed,學生為Y,1,1139,1175
陸九淵,包約,Directed,學生為Y,1,1139,1150
陸九淵,包揚,Directed,學生為Y,1,1139,1152
陸九淵,包遜,Directed,學生為Y,1,1139,1152
陸九淵,包恢,Directed,學生為Y,1,1139,1182
陸九淵,劉孟容,Directed,學生為Y,1,1139,1151
陸九淵,石斗文,Directed,學生為Y,1,1139,1129
陸九淵,楊簡,Directed,學生為Y,1,1139,1141
陸九淵,楊簡,Directed,學生為Y,1,1139,1141
陸九淵,孫應時,Directed,學生為Y,1,1139,1154
陸九淵,符敘,Directed,學生為Y,1,1139,1151
陸九淵,沈炳,Directed,學生為Y,1,1139,1141
陸九淵,黃叔豐,Directed,學生為Y,1,1139,
陸九淵,周清叟,Directed,學生為Y,1,1139,
陸九淵,吳厚若,Directed,學生為Y,1,1139,1154
陸九淵,吳誠若,Directed,學生為Y,1,1139,1154
陸九淵,黃柟,Directed,學生為Y,1,1139,1167
陸九淵,黃椿,Directed,學生為Y,1,1139,1167
陸九淵,黃棐,Directed,學生為Y,1,1139,1167
陸九淵,李肅,Directed,學生為Y,1,1139,1151
陸九淵,鄧約禮,Directed,學生為Y,1,1139,1148
陸九淵,劉堯夫,Directed,學生為Y,1,1139,
陸九淵,傅一飛,Directed,學生為Y,1,1139,1137
陸九淵,孟渙,Directed,學生為Y,1,1139,1118
陸九淵,高宗商,Directed,學生為Y,1,1139,
陸九淵,朱桴,Directed,學生為Y,1,1139,1156
陸九淵,李耆壽,Directed,學生為Y,1,1139,1167
陸九淵,俞庭椿,Directed,學生為Y,1,1139,1142
陸九淵,諸葛千能,Directed,學生為Y,1,1139,1151
陸九淵,陳剛,Directed,學生為Y,1,1139,
陸九淵,張孝直,Directed,學生為Y,1,1139,
陸九淵,陳去華,Directed,學生為Y,1,1139,
陸九淵,曾祖道,Directed,學生為Y,1,1139,
陸九淵,彭興宗,Directed,學生為Y,1,1139,
陸九淵,傅夢泉,Directed,學生為Y,1,1139,
陸九淵,趙子新,Directed,學生為Y,1,1139,
陸九淵,鄭會,Directed,學生為Y,1,1139,1181
陸九淵,蔣元夫,Directed,學生為Y,1,1139,
陸九淵,謝希孟,Directed,學生為Y,1,1139,
陸九淵,嚴滋,Directed,學生為Y,1,1139,
陸九淵,林夢英,Directed,弟子為Y,1,1139,1145
陸九淵,王允文,Directed,弟子為Y,1,1139,1139
陸九淵,朱泰卿,Directed,弟子為Y,1,1139,1158
陸九淵,李雲,Directed,弟子為Y,1,1139,
陸九淵,周良,Directed,弟子為Y,1,1139,1184
陸九淵,傅夢泉,Directed,弟子為Y,1,1139,
陸九淵,葉夢得,Directed,弟子為Y,1,1139,
陸游,戴復古,Directed,學生為Y,1,1125,
陸祐,林之奇,Directed,學生為Y,1,1094,1112
呂本中,林之奇,Directed,學生為Y,1,1084,1112
呂本中,汪應辰,Directed,學生為Y,1,1084,1118
呂本中,李樗,Directed,學生為Y,1,1084,1113
呂本中,曾季貍,Directed,學生為Y,1,1084,
呂本中,樊世顯,Directed,學生為Y,1,1084,
呂本中,李楠,Directed,弟子為Y,1,1084,1111
呂大圭,丘葵,Directed,學生為Y,1,1227,1244
呂公弼,宋道隆,Directed,門人為Y,1,1007,
呂和問,滕愷,Directed,學生為Y,1,1096,1105
呂宏,陸佃,Directed,學生為Y,1,,1040
呂南公,蔡畋,Directed,學生為Y,1,,
呂希哲,汪革,Directed,門人為Y,1,1048,1067
呂希哲,汪莘,Directed,門人為Y,1,1048,1098
呂希哲,黎確,Directed,學生為Y,1,1048,
呂希哲,顏岐,Directed,學生為Y,1,1048,
呂希哲,謝逸,Directed,學生為Y,1,1048,1050
呂希哲,謝薖,Directed,學生為Y,1,1048,1053
呂希哲,饒節,Directed,學生為Y,1,1048,
呂祖儉,舒衍,Directed,學生為Y,1,1135,1163
呂祖儉,張渭,Directed,學生為Y,1,1135,1172
呂祖謙,袁燮,Directed,門人為Y,1,1137,1144
呂祖謙,陳孔碩,Directed,門人為Y,1,1137,1145
呂祖謙,李知微,Directed,門人為Y,1,1137,1138
呂祖謙,汪大亨,Directed,門人為Y,1,1137,1137
呂祖謙,趙燁,Directed,門人為Y,1,1137,1138
呂祖謙,杜旟,Directed,門人為Y,1,1137,
呂祖謙,王莘叟,Directed,門人為Y,1,1137,
呂祖謙,徐堯臣,Directed,門人為Y,1,1137,1118
呂祖謙,孟行古,Directed,門人為Y,1,1137,
呂祖謙,康文虎,Directed,門人為Y,1,1137,
呂祖謙,黃人傑,Directed,門人為Y,1,1137,1136
呂祖謙,鞏峴,Directed,門人為Y,1,1137,1118
呂祖謙,康文豹,Directed,門人為Y,1,1137,
呂祖謙,朱塾,Directed,學生為Y,1,1137,1153
呂祖謙,邢世材,Directed,學生為Y,1,1137,1140
呂祖謙,吳洪,Directed,學生為Y,1,1137,1134
呂祖謙,石宗昭,Directed,學生為Y,1,1137,1142
呂祖謙,戚如圭,Directed,學生為Y,1,1137,1113
呂祖謙,戚如琥,Directed,學生為Y,1,1137,1160
呂祖謙,戚如琥,Directed,學生為Y,1,1137,1160
呂祖謙,輔廣,Directed,學生為Y,1,1137,
呂祖謙,王瀚,Directed,學生為Y,1,1137,1152
呂祖謙,時鎬,Directed,學生為Y,1,1137,1140
呂祖謙,時鎬,Directed,學生為Y,1,1137,1140
呂祖謙,時錡,Directed,學生為Y,1,1137,1140
呂祖謙,時涇,Directed,學生為Y,1,1137,1172
呂祖謙,陳良祐,Directed,學生為Y,1,1137,1124
呂祖謙,羊永德,Directed,學生為Y,1,1137,1116
呂祖謙,朱埜,Directed,學生為Y,1,1137,1148
呂祖謙,詹長民,Directed,學生為Y,1,1137,1162
呂祖謙,詹長民,Directed,學生為Y,1,1137,1162
呂祖謙,石斗文,Directed,學生為Y,1,1137,1129
呂祖謙,潘景夔,Directed,學生為Y,1,1137,1147
呂祖謙,潘景尹,Directed,學生為Y,1,1137,1147
呂祖謙,劉爚,Directed,學生為Y,1,1137,1144
呂祖謙,劉炳,Directed,學生為Y,1,1137,1148
呂祖謙,喬行簡,Directed,學生為Y,1,1137,1156
呂祖謙,喬行簡,Directed,學生為Y,1,1137,1156
呂祖謙,姜模,Directed,學生為Y,1,1137,1122
呂祖謙,徐侃,Directed,學生為Y,1,1137,1162
呂祖謙,徐侃,Directed,學生為Y,1,1137,1162
呂祖謙,徐倬,Directed,學生為Y,1,1137,1162
呂祖謙,徐僑,Directed,學生為Y,1,1137,1160
呂祖謙,方琥,Directed,學生為Y,1,1137,1154
呂祖謙,呂約,Directed,學生為Y,1,1137,1160
呂祖謙,何逮,Directed,學生為Y,1,1137,1153
呂祖謙,鞏嶸,Directed,學生為Y,1,1137,1151
呂祖謙,郭澄,Directed,學生為Y,1,1137,1150
呂祖謙,郭津,Directed,學生為Y,1,1137,1158
呂祖謙,喬夢符,Directed,學生為Y,1,1137,1145
呂祖謙,黃渙,Directed,學生為Y,1,1137,1148
呂祖謙,沈有開,Directed,學生為Y,1,1137,1134
呂祖謙,時澐,Directed,學生為Y,1,1137,1154
呂祖謙,時瀾,Directed,學生為Y,1,1137,1156
呂祖謙,時少章,Directed,學生為Y,1,1137,1204
呂祖謙,汪淳,Directed,學生為Y,1,1137,
呂祖謙,汪淳,Directed,學生為Y,1,1137,
呂祖謙,汪仲儀,Directed,學生為Y,1,1137,1151
呂祖謙,石範,Directed,學生為Y,1,1137,1148
呂祖謙,唐復,Directed,學生為Y,1,1137,1184
呂祖謙,丁希亮,Directed,學生為Y,1,1137,1146
呂祖謙,丁希亮,Directed,學生為Y,1,1137,1146
呂祖謙,柴淵,Directed,學生為Y,1,1137,1118
呂祖謙,郭頤,Directed,學生為Y,1,1137,1073
呂祖謙,葛洪,Directed,學生為Y,1,1137,1174
呂祖謙,宋林,Directed,學生為Y,1,1137,1154
呂祖謙,杜旟,Directed,學生為Y,1,1137,
呂祖謙,王莘叟,Directed,學生為Y,1,1137,
呂祖謙,王遇,Directed,學生為Y,1,1137,1142
呂祖謙,包子謙,Directed,學生為Y,1,1137,
呂祖謙,朱質,Directed,學生為Y,1,1137,1163
呂祖謙,宋元則,Directed,學生為Y,1,1137,1128
呂祖謙,李誠之,Directed,學生為Y,1,1137,1153
呂祖謙,邵樸,Directed,學生為Y,1,1137,1148
呂祖謙,林居實,Directed,學生為Y,1,1137,1142
呂祖謙,唐季度,Directed,學生為Y,1,1137,1132
呂祖謙,卲津,Directed,學生為Y,1,1137,
呂祖謙,張垓,Directed,學生為Y,1,1137,1148
呂祖謙,葉邽,Directed,學生為Y,1,1137,1182
呂祖謙,倪千里,Directed,學生為Y,1,1137,1157
呂祖謙,徐安國,Directed,學生為Y,1,1137,1136
呂祖謙,徐宗卿(字),Directed,學生為Y,1,1137,1118
呂祖謙,康文虎,Directed,學生為Y,1,1137,
呂祖謙,陳剛,Directed,學生為Y,1,1137,
呂祖謙,呂孝祥,Directed,學生為Y,1,1137,
呂祖謙,高觀,Directed,學生為Y,1,1137,1118
呂祖謙,江注,Directed,學生為Y,1,1137,
呂祖謙,吳儀鳳,Directed,學生為Y,1,1137,1118
呂祖謙,王抑,Directed,學生為Y,1,1137,1118
呂祖謙,趙煜,Directed,學生為Y,1,1137,
呂祖謙,潘友昭,Directed,學生為Y,1,1137,1118
呂祖謙,俞厚,Directed,學生為Y,1,1137,1145
呂祖謙,邵樸,Directed,學生為Y,1,1137,
呂祖謙,邵度,Directed,學生為Y,1,1137,
呂祖謙,宋天則,Directed,學生為Y,1,1137,1118
呂祖謙,宋珄,Directed,學生為Y,1,1137,
呂祖謙,鄭良臣,Directed,學生為Y,1,1137,1118
呂祖謙,盧琰,Directed,學生為Y,1,1137,1118
呂祖謙,方自牧,Directed,學生為Y,1,1137,1118
呂祖謙,章叔平,Directed,學生為Y,1,1137,
呂祖謙,時源,Directed,學生為Y,1,1137,1170
呂祖謙,許文蔚,Directed,學生為Y,1,1137,1160
呂祖謙,許文蔚,Directed,學生為Y,1,1137,1160
呂祖謙,康文豹,Directed,學生為Y,1,1137,
呂祖謙,張蒙,Directed,學生為Y,1,1137,
呂祖謙,張成招,Directed,學生為Y,1,1137,
呂祖謙,張成招,Directed,學生為Y,1,1137,
呂祖謙,傅如松,Directed,學生為Y,1,1137,
呂祖謙,傅如松,Directed,學生為Y,1,1137,
呂祖謙,楊誠之,Directed,學生為Y,1,1137,1154
呂祖謙,葉秀發,Directed,學生為Y,1,1137,1161
呂祖謙,葉季韶,Directed,學生為Y,1,1137,
呂祖謙,趙彥秬,Directed,學生為Y,1,1137,1136
呂祖謙,趙善珍,Directed,學生為Y,1,1137,1142
呂祖謙,趙善談(譚),Directed,學生為Y,1,1137,
呂祖謙,鄭宗強,Directed,學生為Y,1,1137,
呂祖謙,李泳,Directed,學生為Y,1,1137,1142
呂祖謙,吳友聞,Directed,學生為Y,1,1137,
呂祖謙,王碩,Directed,學生為Y,1,1137,1160
呂祖謙,劉清臣,Directed,學生為Y,1,1137,1151
呂祖謙,傅如川,Directed,學生為Y,1,1137,
呂祖謙,徐文虎,Directed,學生為Y,1,1137,1135
呂祖謙,林安之,Directed,學生為Y,1,1137,1142
呂祖謙,葉重開,Directed,學生為Y,1,1137,1154
呂祖謙,唐復,Directed,學生為Y,1,1137,
呂祖謙,時少章,Directed,學生為Y,1,1137,
呂祖謙,胡伯虎,Directed,學生為Y,1,1137,
呂祖謙,趙善談,Directed,學生為Y,1,1137,
呂祖謙,金昇卿,Directed,學生為Y,1,1137,
羅從彥,朱熹,Directed,學生為Y,1,1072,1130
羅從彥,李侗,Directed,學生為Y,1,1072,1093
羅上達,胡銓,Directed,學生為Y,1,1126,1102
馬伸,何兌,Directed,門人為Y,1,1066,1088
馬之純,喬行簡,Directed,學生為Y,1,1133,1156
毛忠卿,田著,Directed,學生為Y,1,1154,1165
梅堯臣,曹偕,Directed,學生為Y,1,1002,
梅堯臣,歐陽闢,Directed,學生為Y,1,1002,1061
閔從先,蘇頌,Directed,學生為Y,1,,1020
莫冠卿,袁章,Directed,學生為Y,1,1115,1120
穆修,李之才,Directed,學生為Y,1,979,982
穆修,李挺之,Directed,學生為Y,1,979,982
甯智先,王巖叟,Directed,學生為Y,1,,1043
歐陽守道,趙孟僩,Directed,學生為Y,1,1209,
歐陽守道,文天祥,Directed,學生為Y,1,1209,1236
歐陽守道,宋無,Directed,學生為Y,1,1209,1260
歐陽守道,劉棨,Directed,學生為Y,1,1209,
歐陽修,張巨,Directed,學生為Y,1,1007,1063
歐陽修,王安石,Directed,學生為Y,1,1007,1021
歐陽修,曾鞏,Directed,學生為Y,1,1007,1019
歐陽修,徐無黨,Directed,學生為Y,1,1007,1021
歐陽修,釋惠勤,Directed,學生為Y,1,1007,
歐陽玄,周子直,Directed,學生為Y,1,1283,
歐陽鎮,羅晉,Directed,學生為Y,1,,1196
潘柄,蘇國台,Directed,學生為Y,1,1168,1184
潘翼,王十朋,Directed,學生為Y,1,,1112
潘滋,黃榦,Directed,學生為Y,1,1138,1152
龐安仁,鄒浩,Directed,門人為Y,1,,1060
龐安仁,張正,Directed,門人為Y,1,,1000
龐之慶,龐安時,Directed,學生為Y,1,,
彭耜,蕭廷之,Directed,學生為Y,1,,
戚舜賓,范仲淹,Directed,學生為Y,1,979,989
戚同文,許驤,Directed,學生為Y,1,904,943
戚同文,李承造,Directed,學生為Y,1,904,1092
戚同文,滕涉,Directed,學生為Y,1,904,980
戚同文,張昉,Directed,學生為Y,1,904,922
戚同文,郭成範,Directed,學生為Y,1,904,
戚同文,高象先,Directed,弟子為Y,1,904,
錢時,洪揚祖,Directed,學生為Y,1,1207,1202
錢時,夏希賢,Directed,學生為Y,1,1207,1266
錢時,呂人龍,Directed,弟子為Y,1,1207,1232
錢文子,王大昌,Directed,學生為Y,1,1134,
錢堯卿,錢朝彥,Directed,學生為Y,1,1081,1104
錢宰,韓宜可,Directed,學生為Y,1,1302,
錢宰,王受益,Directed,學生為Y,1,1302,1335
喬疎,孫覺,Directed,學生為Y,1,,1028
譙定,劉勉之,Directed,學生為Y,1,,1059
譙定,胡憲,Directed,學生為Y,1,,1086
譙定,馮時行,Directed,學生為Y,1,,1100
秦檜,薛弼,Directed,門人為Y,1,1090,1088
秦檜,杜圯,Directed,學生為Y,1,1090,1081
丘崈,史賓之,Directed,學生為Y,1,1133,1216
丘富國,鄭儀孫,Directed,學生為Y,1,,
丘漸,方儀,Directed,學生為Y,1,,
丘漸,陳珪,Directed,學生為Y,1,,
丘漸,陳應壁,Directed,學生為Y,1,,
丘漸,戴亨,Directed,學生為Y,1,,
權邦彥,周葵,Directed,門人為Y,1,1080,1098
權邦彥,梁揚祖,Directed,門人為Y,1,1080,1088
權邦彥,呂廣問,Directed,門人為Y,1,1080,1098
權邦彥,潘良貴,Directed,門人為Y,1,1080,1094
權邦彥,樓炤,Directed,門人為Y,1,1080,1085
饒魯,史泳,Directed,門人為Y,1,1193,
饒魯,胡震,Directed,門人為Y,1,1193,
饒魯,王佖,Directed,學生為Y,1,1193,1186
饒魯,趙良淳,Directed,學生為Y,1,1193,1211
饒魯,程若庸,Directed,學生為Y,1,1193,1238
饒魯,陳大猷,Directed,學生為Y,1,1193,1229
饒魯,方齊,Directed,學生為Y,1,1193,
饒魯,汪相,Directed,學生為Y,1,1193,
饒魯,汪華,Directed,學生為Y,1,1193,
饒魯,吳中,Directed,學生為Y,1,1193,
饒魯,俞應元,Directed,學生為Y,1,1193,1232
饒魯,湯伯陽,Directed,學生為Y,1,1193,
饒魯,程德萃,Directed,學生為Y,1,1193,
饒魯,董敬庵,Directed,學生為Y,1,1193,
饒魯,萬鎮,Directed,學生為Y,1,1193,1220
饒魯,蔡汝揆,Directed,學生為Y,1,1193,
饒魯,魯仕能,Directed,學生為Y,1,1193,1214
饒魯,韓秋巖,Directed,學生為Y,1,1193,
饒魯,羅天酉,Directed,學生為Y,1,1193,1229
任伯雨,唐庚,Directed,學生為Y,1,1047,1071
任伯雨,林彖,Directed,學生為Y,1,1047,
阮登炳,徐雷龍,Directed,學生為Y,1,,
邵伯溫,趙鼎,Directed,學生為Y,1,1057,1085
邵伯溫,司馬植,Directed,學生為Y,1,1057,1080
邵雍,楊國寶,Directed,門人為Y,1,1011,1037
邵雍,侯紹曾,Directed,門人為Y,1,1011,
邵雍,張峋,Directed,學生為Y,1,1011,1044
邵雍,章惇,Directed,學生為Y,1,1011,1035
邵雍,趙濟,Directed,學生為Y,1,1011,1029
邵雍,呂希績,Directed,學生為Y,1,1011,1048
邵雍,周長孺,Directed,學生為Y,1,1011,1012
邵雍,張崏,Directed,學生為Y,1,1011,1046
邵雍,張仲賓,Directed,學生為Y,1,1011,
邵雍,黃景,Directed,學生為Y,1,1011,
邵雍,楊賢寶,Directed,學生為Y,1,1011,
邵雍,鄭夬,Directed,學生為Y,1,1011,
邵雍,王豫,Directed,弟子為Y,1,1011,1011
邵雍,張仲賓,Directed,弟子為Y,1,1011,
沈粲,陸友仁,Directed,學生為Y,1,1379,
沈貴寶,胡方平,Directed,學生為Y,1,,1217
沈煥,吳适,Directed,學生為Y,1,1139,1174
沈煥,李鶚,Directed,學生為Y,1,1139,1156
沈煥,竺大年,Directed,弟子為Y,1,1139,1149
沈煥,史安之,Directed,弟子為Y,1,1139,1166
沈銖,孫允,Directed,學生為Y,1,1115,1154
施元之,李垕,Directed,學生為Y,1,1124,1145
石介,李堂,Directed,門人為Y,1,1005,
石介,李常,Directed,門人為Y,1,1005,
石介,馬默,Directed,學生為Y,1,1005,
石介,馬隨,Directed,學生為Y,1,1005,1024
石介,呂希哲,Directed,學生為Y,1,1005,1048
石介,何群,Directed,學生為Y,1,1005,
石介,宋宏,Directed,學生為Y,1,1005,1008
石介,杜默,Directed,學生為Y,1,1005,
石介,孟宗儒,Directed,學生為Y,1,1005,
石介,張續,Directed,學生為Y,1,1005,
石介,趙狩,Directed,學生為Y,1,1005,
石介,趙澤,Directed,學生為Y,1,1005,
石介,姜潛,Directed,弟子為Y,1,1005,
石恪,焦錫,Directed,學生為Y,1,,
石牧之,葉經,Directed,學生為Y,1,1015,
石泰,薛式,Directed,學生為Y,1,1095,
石一鰲,王龍澤,Directed,學生為Y,1,,1244
石一鰲,王龍友,Directed,弟子為Y,1,,1246
石一鰲,王龍澤,Directed,弟子為Y,1,,1244
石一鼇,陳取青,Directed,學生為Y,1,1230,1240
史漸,楊泰之,Directed,門人為Y,1,1116,1169
史漸,楊泰之,Directed,學生為Y,1,1116,1169
史彌遠,黃師雍,Directed,門人為Y,1,1164,1196
史清卿,蘇轍,Directed,門人為Y,1,,1039
史清卿,蘇軾,Directed,門人為Y,1,,1036
史炤,蘇軾,Directed,學生為Y,1,,1036
士建中,趙狩,Directed,學生為Y,1,981,
釋藏休,釋守澄,Directed,弟子為Y,1,884,
釋藏休,釋守圓,Directed,弟子為Y,1,884,
釋藏休,釋守深,Directed,弟子為Y,1,884,
釋楚圓,釋贊元,Directed,弟子為Y,1,,1023
釋從諫,釋應如,Directed,門人為Y,1,,
釋從諫,釋擇卿,Directed,弟子為Y,1,,
釋道潛,釋環省,Directed,門人為Y,1,,
釋道元,釋行深,Directed,弟子為Y,1,907,
釋道元,釋行隆,Directed,弟子為Y,1,907,
釋法雨,釋智定,Directed,弟子為Y,1,1043,
釋法雨,釋智海,Directed,弟子為Y,1,1043,
釋法雨,釋智元,Directed,弟子為Y,1,1043,
釋法雨,釋智福,Directed,弟子為Y,1,1043,
釋法雨,釋智登,Directed,弟子為Y,1,1043,
釋法雨,釋智滿,Directed,弟子為Y,1,1043,
釋廣智,釋繼忠,Directed,弟子為Y,1,,1019
釋果圜,釋廣明,Directed,門人為Y,1,1072,
釋海印,釋諱才,Directed,門人為Y,1,1032,
釋懷澄,釋慧南,Directed,弟子為Y,1,,1002
釋慧南,釋懷秀,Directed,弟子為Y,1,1002,
釋慧南,釋德普,Directed,弟子為Y,1,1002,1024
釋慧印,釋宗本,Directed,學生為Y,1,1053,
釋麻衣,劉牧,Directed,弟子為Y,1,,1011
釋麻衣,种放,Directed,弟子為Y,1,,952
釋麻衣,李溉,Directed,弟子為Y,1,,
釋妙慧,釋顯達,Directed,學生為Y,1,,1018
釋某某,釋審定,Directed,學生為Y,1,,933
釋普閏,釋普榮,Directed,弟子為Y,1,,1093
釋如縱,釋德會,Directed,弟子為Y,1,,
釋紹月,釋希詮,Directed,弟子為Y,1,915,
釋紹月,釋希隱,Directed,弟子為Y,1,915,
釋紹月,釋希德,Directed,弟子為Y,1,915,
釋紹月,釋希通,Directed,弟子為Y,1,915,
釋紹月,釋希覺,Directed,弟子為Y,1,915,
釋紹月,釋文證,Directed,弟子為Y,1,915,
釋紹月,釋文遂,Directed,弟子為Y,1,915,
釋紹月,釋文顯,Directed,弟子為Y,1,915,
釋紹月,釋文誨,Directed,弟子為Y,1,915,
釋紹月,釋文遠,Directed,弟子為Y,1,915,
釋紹月,釋文遇,Directed,弟子為Y,1,915,
釋紹月,釋文義,Directed,弟子為Y,1,915,
釋紹月,釋文安,Directed,弟子為Y,1,915,
釋審定,伴姑,Directed,學生為Y,1,933,
釋省念,釋蘊聰,Directed,弟子為Y,1,926,
釋守諲,釋俀兒,Directed,弟子為Y,1,931,
釋思達,釋法雨,Directed,弟子為Y,1,,1043
釋惟清,釋應端,Directed,門人為Y,1,,
釋惟清,釋諱才,Directed,門人為Y,1,,
釋悟新,釋諱才,Directed,門人為Y,1,,
釋義懷,釋懷秀,Directed,弟子為Y,1,,
釋義懷,釋法秀,Directed,弟子為Y,1,,1027
釋元熙,釋大訢,Directed,學生為Y,1,1238,1284
釋智海,釋曇異,Directed,門人為Y,1,1009,1039
釋智深,釋道英,Directed,弟子為Y,1,1019,
釋智深,釋某某（釋智深之弟子）,Directed,弟子為Y,1,1019,
釋智深,釋某某（釋智深之弟子）,Directed,弟子為Y,1,1019,
釋智深,釋某某（釋智深之弟子）,Directed,弟子為Y,1,1019,
釋智深,釋某某（釋智深之弟子）,Directed,弟子為Y,1,1019,
釋智深,釋某某（釋智深之弟子）,Directed,弟子為Y,1,1019,
釋宗杲,釋曇密,Directed,門人為Y,1,1089,
舒璘,袁肅,Directed,學生為Y,1,1136,1169
舒璘,竺欣,Directed,學生為Y,1,1136,1119
舒璘,汪行簡,Directed,學生為Y,1,1136,
舒璘,羅子有,Directed,學生為Y,1,1136,
舒嶽祥,林處恭,Directed,學生為Y,1,1236,
司馬光,歐陽中立,Directed,門人為Y,1,1019,1049
司馬光,蘇轍,Directed,學生為Y,1,1019,1039
司馬光,劉安世,Directed,學生為Y,1,1019,1048
司馬光,邢居實,Directed,學生為Y,1,1019,1068
司馬光,李陶,Directed,學生為Y,1,1019,1038
司馬光,王寔,Directed,學生為Y,1,1019,1050
司馬光,樊資深,Directed,學生為Y,1,1019,
宋白,田錫,Directed,門人為Y,1,936,940
宋白,田錫,Directed,學生為Y,1,936,940
宋濂,徐孳,Directed,門人為Y,1,1310,
宋濂,吳志道,Directed,學生為Y,1,1310,
宋濂,戴灝,Directed,學生為Y,1,1310,1327
宋祁,胡稷言,Directed,學生為Y,1,998,1036
宋惟亮,任玠,Directed,學生為Y,1,,1107
蘇紳,蘇頌,Directed,學生為Y,1,989,1020
蘇紳,蘇頌,Directed,學生為Y,1,989,1020
蘇軾,畢仲游,Directed,門人為Y,1,1036,1047
蘇軾,李中行,Directed,門人為Y,1,1036,
蘇軾,黃庭堅,Directed,門人為Y,1,1036,1045
蘇軾,章援,Directed,門人為Y,1,1036,1058
蘇軾,崔閑,Directed,門人為Y,1,1036,
蘇軾,鄭少微,Directed,門人為Y,1,1036,1058
蘇軾,朱服,Directed,學生為Y,1,1036,1043
蘇軾,張耒,Directed,學生為Y,1,1036,1054
蘇軾,李廌,Directed,學生為Y,1,1036,1059
蘇軾,錢世雄,Directed,學生為Y,1,1036,1051
蘇軾,杜輿,Directed,學生為Y,1,1036,
蘇軾,姜君弼,Directed,學生為Y,1,1036,
蘇軾,孫勰,Directed,學生為Y,1,1036,1050
蘇軾,李斯立,Directed,學生為Y,1,1036,
蘇軾,崔子方,Directed,學生為Y,1,1036,
蘇軾,詹範,Directed,學生為Y,1,1036,1033
蘇軾,慕容暉,Directed,學生為Y,1,1036,
蘇庠,陳序,Directed,學生為Y,1,,
蘇庠,孫齍,Directed,學生為Y,1,,1086
蘇洵,孫鼛,Directed,門人為Y,1,1009,1042
蘇繹,蘇頌,Directed,學生為Y,1,1006,1020
蘇轍,韓駒,Directed,學生為Y,1,1039,1072
蘇轍,吳儔,Directed,學生為Y,1,1039,1064
蘇轍,章傅,Directed,弟子為Y,1,1039,
孫覿,鄒宗謨,Directed,學生為Y,1,1081,1105
孫復,張洞,Directed,門人為Y,1,992,1019
孫復,范純仁,Directed,門人為Y,1,992,1027
孫復,祖無擇,Directed,門人為Y,1,992,1011
孫復,呂希哲,Directed,門人為Y,1,992,1048
孫復,朱光庭,Directed,門人為Y,1,992,1037
孫復,李縕,Directed,門人為Y,1,992,1015
孫復,文彥博,Directed,學生為Y,1,992,1006
孫復,馬隨,Directed,學生為Y,1,992,1024
孫復,朱長文,Directed,學生為Y,1,992,1039
孫復,文彥若,Directed,學生為Y,1,992,1015
孫復,朱光庭,Directed,學生為Y,1,992,1037
孫復,張洞,Directed,學生為Y,1,992,
孫復,趙狩,Directed,學生為Y,1,992,
孫復,石介,Directed,弟子為Y,1,992,1005
孫介,李友仁,Directed,學生為Y,1,1114,1156
孫覺,陳襄,Directed,門人為Y,1,1028,1017
孫覺,傅楫,Directed,門人為Y,1,1028,1042
孫立節,胡埜,Directed,弟子為Y,1,1023,1088
孫沔,王略,Directed,門人為Y,1,989,
孫沔,王略,Directed,學生為Y,1,989,
孫時,李謨,Directed,門人為Y,1,1064,1082
孫時,孫覿,Directed,門人為Y,1,1064,1081
孫時,孫适,Directed,門人為Y,1,1064,1049
孫時,孫适,Directed,學生為Y,1,1064,1049
孫嵩,汪炎昶,Directed,學生為Y,1,1238,1190
孫炎,蔣敬,Directed,弟子為Y,1,1325,
孫彥及,吳儆,Directed,學生為Y,1,,1127
譚昉,王安石,Directed,學生為Y,1,,1021
湯漢,危復之,Directed,弟子為Y,1,1214,
唐震,胡應之,Directed,學生為Y,1,1212,
唐仲友,朱質,Directed,學生為Y,1,1136,1163
唐仲友,金式,Directed,學生為Y,1,1136,1154
唐仲友,葉秀發,Directed,學生為Y,1,1136,1161
唐仲友,傅定,Directed,弟子為Y,1,1136,
滕安上,趙時勉,Directed,學生為Y,1,1242,1274
滕璘,梅寬夫,Directed,學生為Y,1,1150,1241
童居易,嚴畏,Directed,學生為Y,1,1187,
汪克寬,任元,Directed,學生為Y,1,1304,1328
汪克寬,任序,Directed,學生為Y,1,1304,1330
汪應辰,呂祖謙,Directed,學生為Y,1,1118,1137
汪應辰,鄭僑,Directed,學生為Y,1,1118,1139
汪應辰,張傑,Directed,學生為Y,1,1118,1133
汪應辰,章穎,Directed,學生為Y,1,1118,1145
汪應辰,趙焯,Directed,學生為Y,1,1118,1120
汪應辰,樂洪,Directed,學生為Y,1,1118,
汪元春,徐天錫,Directed,學生為Y,1,1208,
汪元春,徐天彝,Directed,學生為Y,1,1208,
汪藻,陳袤,Directed,門人為Y,1,1079,1088
王安國,晁補之,Directed,學生為Y,1,1028,1049
王安石,楊訓,Directed,門人為Y,1,1021,1052
王安石,顧棠,Directed,門人為Y,1,1021,
王安石,張僅,Directed,門人為Y,1,1021,1035
王安石,俞紫琳,Directed,門人為Y,1,1021,1025
王安石,許允成,Directed,門人為Y,1,1021,
王安石,龔原,Directed,學生為Y,1,1021,1033
王安石,李定,Directed,學生為Y,1,1021,1028
王安石,鮑由,Directed,學生為Y,1,1021,1061
王安石,蔡肇,Directed,學生為Y,1,1021,1056
王安石,韓宗厚,Directed,學生為Y,1,1021,1042
王安石,王伯起,Directed,學生為Y,1,1021,1044
王安石,王無咎,Directed,學生為Y,1,1021,1024
王安石,葉濤,Directed,學生為Y,1,1021,1043
王安石,蔡卞,Directed,學生為Y,1,1021,1058
王安石,陳度,Directed,學生為Y,1,1021,1049
王安石,鄭俠,Directed,學生為Y,1,1021,1041
王安石,沈銖,Directed,學生為Y,1,1021,1043
王安石,孫適,Directed,學生為Y,1,1021,1028
王安石,蔡淵,Directed,學生為Y,1,1021,1034
王安石,蔡淵,Directed,學生為Y,1,1021,1034
王安石,王沇之,Directed,學生為Y,1,1021,1052
王安石,馬希孟,Directed,學生為Y,1,1021,1043
王安石,孟厚,Directed,學生為Y,1,1021,
王安石,汪澥,Directed,學生為Y,1,1021,1042
王安石,顧棠,Directed,學生為Y,1,1021,
王安石,陳輔,Directed,學生為Y,1,1021,
王柏,王侃,Directed,學生為Y,1,1197,1186
王柏,金履祥,Directed,學生為Y,1,1197,1232
王柏,王賁,Directed,學生為Y,1,1197,
王柏,車若水,Directed,學生為Y,1,1197,
王柏,周敬孫,Directed,學生為Y,1,1197,
王柏,陳天瑞,Directed,學生為Y,1,1197,1239
王柏,盛象翁,Directed,學生為Y,1,1197,
王柏,楊錡,Directed,學生為Y,1,1197,
王柏,張䇓,Directed,學生為Y,1,1197,1236
王柏,張莘夫,Directed,學生為Y,1,1197,1249
王柏,項詵老,Directed,學生為Y,1,1197,1263
王柏,王佖,Directed,弟子為Y,1,1197,1186
王柏,王珹,Directed,弟子為Y,1,1197,1247
王柏,朱致中,Directed,弟子為Y,1,1197,
王葆,程迥,Directed,學生為Y,1,1098,1133
王綽,王汶,Directed,學生為Y,1,,
王綽,薛蒙,Directed,學生為Y,1,,
王次翁,蔡彌邵,Directed,學生為Y,1,1079,1116
王大寶,張栻,Directed,學生為Y,1,1094,1133
王汾,張寓,Directed,學生為Y,1,1023,1067
王艮,高遜志,Directed,門人為Y,1,1278,1339
王龔,王珉,Directed,學生為Y,1,,
王龔,劉棠,Directed,學生為Y,1,,1108
王龔,王巖,Directed,學生為Y,1,,
王國望,文天祥,Directed,門人為Y,1,1232,1236
王國望,文天祥,Directed,學生為Y,1,1232,1236
王瀚,項詵老,Directed,學生為Y,1,1152,1263
王珏,杜文甫,Directed,學生為Y,1,1112,1241
王珏,杜文甫,Directed,學生為Y,1,1238,1241
王珏,林起潛,Directed,學生為Y,1,1238,
王開祖,戴士先,Directed,學生為Y,1,1017,1035
王夢松,余學古,Directed,學生為Y,1,1186,1221
王蘋,范如圭,Directed,學生為Y,1,1082,1102
王蘋,曾幾,Directed,學生為Y,1,1082,1084
王蘋,楊邦弼,Directed,學生為Y,1,1082,1112
王蘋,陳長方,Directed,學生為Y,1,1082,1108
王蘋,曾逮,Directed,學生為Y,1,1082,1114
王蘋,章悊,Directed,學生為Y,1,1082,1075
王蘋,章憲,Directed,學生為Y,1,1082,1075
王蘋,陳少方,Directed,學生為Y,1,1082,1067
王蘋,周憲,Directed,學生為Y,1,1082,
王蘋,施庭先,Directed,學生為Y,1,1082,
王琦,鍾季正,Directed,學生為Y,1,,
王仁裕,王溥,Directed,學生為Y,1,880,922
王若訥,石一鰲,Directed,學生為Y,1,1217,
王若訥,石一鼇,Directed,學生為Y,1,1217,1230
王十朋,周世則,Directed,門人為Y,1,1112,1124
王十朋,方升,Directed,門人為Y,1,1112,
王十朋,萬庠,Directed,學生為Y,1,1112,1127
王十朋,葉士寧,Directed,學生為Y,1,1112,1145
王世傑,石一鼇,Directed,學生為Y,1,1205,1230
王世傑,石一鰲,Directed,弟子為Y,1,1205,
王壽卿,李侁,Directed,門人為Y,1,1060,
王絲,沈僑,Directed,學生為Y,1,989,977
王泰來,劉辰翁,Directed,學生為Y,1,,1232
王泰來,劉辰翁,Directed,弟子為Y,1,,1232
王庭珪,劉江,Directed,門人為Y,1,1080,
王庭珪,劉璪,Directed,學生為Y,1,1080,1096
王庭珪,劉九垓,Directed,學生為Y,1,1080,
王鑐,袁洪,Directed,學生為Y,1,1235,1245
王炎,彭圖南,Directed,學生為Y,1,1138,
王毅,章溢,Directed,學生為Y,1,1303,1314
王毅,章溢,Directed,學生為Y,1,1303,1314
王毅,章溢,Directed,學生為Y,1,1303,1314
王應麟,袁桷,Directed,門人為Y,1,1223,1266
王應麟,袁桷,Directed,學生為Y,1,1223,1266
王應麟,史蒙卿,Directed,學生為Y,1,1223,1247
王應麟,黃叔雅,Directed,學生為Y,1,1223,1267
王應麟,戴表元,Directed,學生為Y,1,1223,1244
王應麟,胡三省,Directed,學生為Y,1,1223,1229
王應麟,史晏卿,Directed,學生為Y,1,1223,
王應麟,楊湲,Directed,學生為Y,1,1223,
王應麟,趙孟,Directed,學生為Y,1,1223,
王應麟,王惟賢,Directed,弟子為Y,1,1223,
王元章,戚象祖,Directed,學生為Y,1,,1254
王之望,王十朋,Directed,學生為Y,1,1103,1112
王致,史簡,Directed,弟子為Y,1,1010,1034
危和,羅晉,Directed,學生為Y,1,1166,1196
危素,曾蕃,Directed,學生為Y,1,1303,1320
危稹,羅晉,Directed,學生為Y,1,1157,1196
衛培,郭翼,Directed,學生為Y,1,,1305
魏了翁,史繩祖,Directed,門人為Y,1,1178,
魏了翁,許玠,Directed,門人為Y,1,1178,
魏了翁,稅與權,Directed,門人為Y,1,1178,
魏了翁,牟子才,Directed,學生為Y,1,1178,1193
魏了翁,汪大發,Directed,學生為Y,1,1178,
魏了翁,胡揚,Directed,學生為Y,1,1178,1165
魏了翁,郭黃中,Directed,學生為Y,1,1178,1200
魏了翁,程安之,Directed,學生為Y,1,1178,1198
魏了翁,蔣山,Directed,學生為Y,1,1178,
魏了翁,蔣公順,Directed,學生為Y,1,1178,
魏了翁,嚴師夔,Directed,學生為Y,1,1178,
魏杞,張良臣,Directed,學生為Y,1,1121,1133
魏謙光,陳葵,Directed,學生為Y,1,,1139
魏野,馮亞,Directed,學生為Y,1,960,
魏元吉,凌宗旦,Directed,弟子為Y,1,,
文道南,凌策,Directed,學生為Y,1,,957
文道南,凌策,Directed,學生為Y,1,,957
文天祥,趙文,Directed,門人為Y,1,1236,1239
文天祥,趙文,Directed,門人為Y,1,1236,1239
文天祥,趙彊,Directed,門人為Y,1,1236,1212
文天祥,陳子敬,Directed,學生為Y,1,1236,
文同,吳璜,Directed,學生為Y,1,1018,
文彥博,林志寧,Directed,門人為Y,1,1006,
聞人夢吉,唐元嘉,Directed,門人為Y,1,1293,1324
聞人夢吉,吳履仁,Directed,門人為Y,1,1293,
聞人夢吉,宋濂,Directed,學生為Y,1,1293,1310
聞人夢吉,吳履,Directed,學生為Y,1,1293,1322
聞人夢吉,唐以仁,Directed,學生為Y,1,1293,
聞人夢吉,吳履,Directed,學生為Y,1,1293,
聞人滋,程迥,Directed,學生為Y,1,,1133
吳參倚,王應麟,Directed,學生為Y,1,,1223
吳澄,焦位,Directed,門人為Y,1,1249,
吳澄,陳徵,Directed,學生為Y,1,1249,1297
吳澄,危素,Directed,學生為Y,1,1249,1303
吳澄,潘音,Directed,學生為Y,1,1249,1270
吳澄,鮑恂,Directed,學生為Y,1,1249,1305
吳澄,朱夏,Directed,學生為Y,1,1249,1289
吳方慶,李綱,Directed,學生為Y,1,,1083
吳萊,宋濂,Directed,學生為Y,1,1297,1310
吳萊,宋濂,Directed,學生為Y,1,1297,1310
吳萊,戴良,Directed,學生為Y,1,1297,1317
吳萊,鄭深,Directed,學生為Y,1,1297,1314
吳萊,胡翰,Directed,學生為Y,1,1297,1307
吳萊,陳士貞,Directed,學生為Y,1,1297,1302
吳萊,傅致柔,Directed,學生為Y,1,1297,1313
吳萊,樓光亨,Directed,學生為Y,1,1297,1296
吳溥,高遜志,Directed,門人為Y,1,1370,1339
吳潛,陳鳳,Directed,學生為Y,1,1187,
吳潛,陸天驥,Directed,學生為Y,1,1187,
吳潛,錢大有,Directed,學生為Y,1,1187,
吳仁父,朱熹,Directed,門人為Y,1,,1130
吳師道,胡翰,Directed,學生為Y,1,1283,1307
吳師道,徐原,Directed,學生為Y,1,1283,
吳師道,趙良恭,Directed,學生為Y,1,1283,1317
吳晞,宋元則,Directed,學生為Y,1,,1128
吳羨門,胡淵,Directed,學生為Y,1,1023,1050
吳雄,宋慈,Directed,學生為Y,1,1148,1183
吳雄,宋普,Directed,學生為Y,1,1148,1183
吳儀,羅從彥,Directed,學生為Y,1,1044,1072
吳直方,脫脫,Directed,學生為Y,1,1275,1314
吳直方,也先帖木兒,Directed,學生為Y,1,1275,1269
吳子良,劉莊孫,Directed,學生為Y,1,1197,1234
項安世,鄭克寬,Directed,學生為Y,1,1145,
蕭楚,趙暘,Directed,學生為Y,1,1064,1064
蕭楚,趙暘,Directed,弟子為Y,1,1064,1064
蕭楚,胡銓,Directed,弟子為Y,1,1064,1102
蕭顗,朱松,Directed,學生為Y,1,,1097
謝諤,曾機,Directed,學生為Y,1,1121,1137
謝諤,曾震,Directed,學生為Y,1,1121,1136
謝諤,左揆,Directed,學生為Y,1,1121,
謝諤,左揆,Directed,學生為Y,1,1121,
謝諤,胡箕,Directed,弟子為Y,1,1121,1122
謝諤,歐陽樸,Directed,弟子為Y,1,1121,1142
謝枋得,王濟淵,Directed,門人為Y,1,1225,
謝枋得,王億,Directed,學生為Y,1,1225,
謝枋得,方南一,Directed,弟子為Y,1,1225,
謝良佐,胡安國,Directed,學生為Y,1,1039,1074
謝良佐,鄭轂,Directed,學生為Y,1,1039,1088
謝良佐,詹勉,Directed,學生為Y,1,1039,
謝良佐,謝襲,Directed,學生為Y,1,1039,
謝逸,陳彥國,Directed,學生為Y,1,1050,1071
謝逸,黎道華,Directed,學生為Y,1,1050,
徐存,董為良,Directed,學生為Y,1,,1131
徐存,柴瑾,Directed,學生為Y,1,,1105
徐存,柴衛,Directed,學生為Y,1,,1118
徐存,江介,Directed,學生為Y,1,,1126
徐存,江泳,Directed,學生為Y,1,,1124
徐存,鄭升,Directed,學生為Y,1,,
徐存,鄭雍,Directed,學生為Y,1,,
徐存,鄭升之,Directed,學生為Y,1,,1127
徐存,鄭可與,Directed,學生為Y,1,,1154
徐積,馬存,Directed,學生為Y,1,1028,1033
徐僑,葉由庚,Directed,門人為Y,1,1160,1202
徐僑,龔應之,Directed,門人為Y,1,1160,1193
徐僑,樓大年,Directed,學生為Y,1,1160,1185
徐僑,朱中,Directed,弟子為Y,1,1160,1205
徐誼,趙希錧,Directed,學生為Y,1,1145,1176
徐誼,陳巖,Directed,學生為Y,1,1145,1154
許道寧,侯封,Directed,學生為Y,1,,
許復道,胡楚材,Directed,學生為Y,1,1187,
許衡,耶律右尚,Directed,學生為Y,1,1209,1236
許謙,王順,Directed,門人為Y,1,1270,1319
許謙,朱震亨,Directed,學生為Y,1,1270,1281
許謙,衛富益,Directed,學生為Y,1,1270,
許謙,吳師道,Directed,學生為Y,1,1270,1283
許謙,蘇友龍,Directed,學生為Y,1,1270,1296
許謙,蘇伯衡,Directed,學生為Y,1,1270,1329
許謙,金涓,Directed,學生為Y,1,1270,
許謙,呂溥,Directed,學生為Y,1,1270,
許謙,方麟,Directed,學生為Y,1,1270,
許謙,王餘慶,Directed,學生為Y,1,1270,
許謙,呂洙,Directed,學生為Y,1,1270,
許謙,呂權,Directed,學生為Y,1,1270,1292
許謙,李唐,Directed,學生為Y,1,1270,
許謙,李裕,Directed,學生為Y,1,1270,1294
許謙,汪祀,Directed,學生為Y,1,1270,1305
許謙,范祖幹,Directed,學生為Y,1,1270,1322
許謙,唐懷德,Directed,學生為Y,1,1270,1307
許謙,馬道貫,Directed,學生為Y,1,1270,
許謙,張匡敬,Directed,學生為Y,1,1270,
許謙,戚崇僧,Directed,學生為Y,1,1270,1290
許謙,葉儀,Directed,學生為Y,1,1270,
許謙,劉涓,Directed,學生為Y,1,1270,
許謙,傅似翁,Directed,學生為Y,1,1270,1302
許謙,邢沂,Directed,學生為Y,1,1270,
許錫,項維寅,Directed,學生為Y,1,1145,
許元,釋奉真,Directed,學生為Y,1,989,
薛大觀,朱恮,Directed,學生為Y,1,,
薛季宣,陳傅良,Directed,學生為Y,1,1134,1137
薛季宣,徐元德,Directed,學生為Y,1,1134,1148
薛翁,袁溉,Directed,學生為Y,1,,
嚴粲,吳士亨,Directed,學生為Y,1,,
嚴拙翁,李彥華,Directed,學生為Y,1,,1112
晏殊,歐陽修,Directed,門人為Y,1,991,1007
晏殊,范仲淹,Directed,門人為Y,1,991,989
晏殊,孔道輔,Directed,學生為Y,1,991,986
楊邦弼,王誼,Directed,學生為Y,1,1112,
楊忱中,童必大,Directed,學生為Y,1,1178,1187
楊方,孫伯溫,Directed,學生為Y,1,1133,1163
楊輔,李惟正,Directed,學生為Y,1,1136,1152
楊復,林桂發,Directed,學生為Y,1,,1217
楊簡,洪簡,Directed,門人為Y,1,1141,
楊簡,史彌林,Directed,門人為Y,1,1141,1138
楊簡,何元壽,Directed,門人為Y,1,1141,
楊簡,曹正,Directed,門人為Y,1,1141,
楊簡,袁甫,Directed,學生為Y,1,1141,1174
楊簡,陳瑢,Directed,學生為Y,1,1141,1175
楊簡,汪伋,Directed,學生為Y,1,1141,1148
楊簡,洪揚祖,Directed,學生為Y,1,1141,1202
楊簡,陳塤,Directed,學生為Y,1,1141,1197
楊簡,陳塤,Directed,學生為Y,1,1141,1197
楊簡,史彌林,Directed,學生為Y,1,1141,1138
楊簡,史彌鞏,Directed,學生為Y,1,1141,1170
楊簡,舒衍,Directed,學生為Y,1,1141,1163
楊簡,馮興宗,Directed,學生為Y,1,1141,1198
楊簡,馮興宗,Directed,學生為Y,1,1141,1198
楊簡,馮國壽,Directed,學生為Y,1,1141,
楊簡,馮國壽,Directed,學生為Y,1,1141,
楊簡,王晉老,Directed,學生為Y,1,1141,1163
楊簡,葉祐之,Directed,學生為Y,1,1141,1165
楊簡,葉祐之,Directed,學生為Y,1,1141,1165
楊簡,王震,Directed,學生為Y,1,1141,
楊簡,王震,Directed,學生為Y,1,1141,
楊簡,朱介,Directed,學生為Y,1,1141,
楊簡,朱介,Directed,學生為Y,1,1141,
楊簡,沈鞏,Directed,學生為Y,1,1141,
楊簡,吳榘,Directed,學生為Y,1,1141,1190
楊簡,李鶚,Directed,學生為Y,1,1141,1156
楊簡,吳塤,Directed,學生為Y,1,1141,
楊簡,何元壽,Directed,學生為Y,1,1141,
楊簡,余元發,Directed,學生為Y,1,1141,
楊簡,邵甲,Directed,學生為Y,1,1141,1223
楊簡,馬燮,Directed,學生為Y,1,1141,1220
楊簡,孫明仲,Directed,學生為Y,1,1141,1129
楊簡,孫伯溫,Directed,學生為Y,1,1141,1163
楊簡,許孚,Directed,學生為Y,1,1141,
楊簡,曹正,Directed,學生為Y,1,1141,
楊簡,張渭,Directed,學生為Y,1,1141,1172
楊簡,曾熠,Directed,學生為Y,1,1141,
楊簡,曾汲古,Directed,學生為Y,1,1141,
楊簡,項復,Directed,學生為Y,1,1141,
楊簡,傅大原,Directed,學生為Y,1,1141,1178
楊簡,傅正夫,Directed,學生為Y,1,1141,
楊簡,舒益,Directed,學生為Y,1,1141,
楊簡,鄒夢遇,Directed,學生為Y,1,1141,1148
楊簡,錢槱,Directed,學生為Y,1,1141,1237
楊簡,薛疑之,Directed,學生為Y,1,1141,
楊簡,史彌鞏,Directed,弟子為Y,1,1141,1170
楊簡,邵甲,Directed,弟子為Y,1,1141,1223
楊溥,高遜志,Directed,門人為Y,1,1371,1339
楊愨,戚同文,Directed,學生為Y,1,,904
楊時,李郁,Directed,門人為Y,1,1053,1086
楊時,李似祖,Directed,門人為Y,1,1053,1088
楊時,羅從彥,Directed,門人為Y,1,1053,1072
楊時,廖衙,Directed,門人為Y,1,1053,
楊時,李德駿,Directed,門人為Y,1,1053,
楊時,蕭顗,Directed,門人為Y,1,1053,
楊時,陳淵,Directed,學生為Y,1,1053,1082
楊時,陸棠,Directed,學生為Y,1,1053,
楊時,胡宏,Directed,學生為Y,1,1053,1106
楊時,張九成,Directed,學生為Y,1,1053,1092
楊時,喻樗,Directed,學生為Y,1,1053,1117
楊時,何郁,Directed,學生為Y,1,1053,1090
楊時,宋之才,Directed,學生為Y,1,1053,1090
楊時,胡珵,Directed,學生為Y,1,1053,1091
楊時,蕭顗,Directed,學生為Y,1,1053,
楊時,關治,Directed,弟子為Y,1,1053,1058
楊時,曹令德,Directed,弟子為Y,1,1053,
楊萬里,侯世昭,Directed,門人為Y,1,1127,
楊萬里,曾槐,Directed,學生為Y,1,1127,1148
楊萬里,劉儼,Directed,學生為Y,1,1127,
楊萬里,羅椿,Directed,學生為Y,1,1127,
楊萬里,劉覺之,Directed,學生為Y,1,1127,
楊維禎,殷奎,Directed,學生為Y,1,1296,1331
楊維禎,申屠衡,Directed,學生為Y,1,1296,
楊維禎,盧熊,Directed,學生為Y,1,1296,1331
楊維禎,倪中,Directed,學生為Y,1,1296,
楊維禎,張憲,Directed,學生為Y,1,1296,
楊維禎,吳復,Directed,學生為Y,1,1296,1331
楊維禎,王璲,Directed,學生為Y,1,1296,
楊維禎,朱芾,Directed,學生為Y,1,1296,
楊維禎,余善,Directed,學生為Y,1,1296,
楊維禎,吳復,Directed,學生為Y,1,1296,1298
楊維禎,呂恂,Directed,學生為Y,1,1296,1327
楊維禎,董佐才,Directed,學生為Y,1,1296,
楊維禎,鄒奕,Directed,學生為Y,1,1296,1318
楊維禎,王汝玉,Directed,學生為Y,1,1296,1349
楊維禎,張學暨,Directed,學生為Y,1,1296,1307
楊維禎,余善,Directed,弟子為Y,1,1296,
楊億,仲簡,Directed,學生為Y,1,974,989
楊由義,朱熹,Directed,學生為Y,1,,1130
楊昭復,呂大圭,Directed,弟子為Y,1,,1227
楊子嘉,李鶚,Directed,門人為Y,1,,1156
葉采,陳天澤,Directed,學生為Y,1,1211,
葉邽,徐僑,Directed,學生為Y,1,1182,1160
葉適,劉克莊,Directed,學生為Y,1,1150,1187
葉適,周南,Directed,學生為Y,1,1150,1159
葉適,王植,Directed,學生為Y,1,1150,
葉適,陳韡,Directed,學生為Y,1,1150,1180
葉適,吳子良,Directed,學生為Y,1,1150,1197
葉適,袁廷儒,Directed,學生為Y,1,1150,1065
葉適,袁聘儒,Directed,學生為Y,1,1150,1163
葉適,宋駒,Directed,學生為Y,1,1150,1159
葉適,戴栩,Directed,學生為Y,1,1150,1178
葉適,孟猷,Directed,學生為Y,1,1150,1156
葉適,孟導,Directed,學生為Y,1,1150,1160
葉適,葉紹翁,Directed,學生為Y,1,1150,
葉適,丁希亮,Directed,學生為Y,1,1150,1146
葉適,王度,Directed,學生為Y,1,1150,1157
葉適,趙汝鐸,Directed,學生為Y,1,1150,1171
葉適,厲仲方,Directed,學生為Y,1,1150,1159
葉適,陳志崇,Directed,學生為Y,1,1150,1158
葉適,葛紹體,Directed,學生為Y,1,1150,
葉適,方來,Directed,學生為Y,1,1150,1175
葉適,王象祖,Directed,學生為Y,1,1150,
葉適,毛當時,Directed,學生為Y,1,1150,1163
葉適,王汶,Directed,學生為Y,1,1150,
葉適,邵持正,Directed,學生為Y,1,1150,1157
葉適,張垓,Directed,學生為Y,1,1150,1148
葉適,夏庭簡,Directed,學生為Y,1,1150,1173
葉適,翁敏之,Directed,學生為Y,1,1150,
葉適,張公秀,Directed,學生為Y,1,1150,
葉適,陳埴,Directed,學生為Y,1,1150,1157
葉適,鄧傳之,Directed,學生為Y,1,1150,
葉適,薛子長,Directed,學生為Y,1,1150,
葉適,王大受,Directed,弟子為Y,1,1150,1142
葉適,孫之宏,Directed,弟子為Y,1,1150,1184
葉廷珪,黃祖舜,Directed,學生為Y,1,1085,1094
葉廷珪,葉顒,Directed,學生為Y,1,1085,1102
葉廷珪,陳俊卿,Directed,學生為Y,1,1085,1113
葉味道,王夢松,Directed,弟子為Y,1,1190,1186
葉儀,許元,Directed,學生為Y,1,,1300
葉儀,何壽朋,Directed,學生為Y,1,,
葉子儀,王復,Directed,學生為Y,1,,1206
尹焞,呂稽中,Directed,門人為Y,1,1071,
尹焞,范淑,Directed,門人為Y,1,1071,
尹焞,韓元吉,Directed,學生為Y,1,1071,1118
尹焞,蔡迨,Directed,學生為Y,1,1071,
尹焞,虞仲琳,Directed,學生為Y,1,1071,1105
尹焞,陸景端,Directed,學生為Y,1,1071,1105
尹焞,馮忠恕,Directed,學生為Y,1,1071,1111
尹焞,王時敏,Directed,學生為Y,1,1071,
尹焞,高材,Directed,學生為Y,1,1071,
尹洙,歐陽修,Directed,學生為Y,1,1001,1007
應恕,趙師淵,Directed,學生為Y,1,,1142
游酢,陳侁,Directed,學生為Y,1,1053,1069
游酢,曾開,Directed,學生為Y,1,1053,1073
游執中,游醇,Directed,學生為Y,1,,1049
游執中,游酢,Directed,學生為Y,1,,1053
于世封,方蒙,Directed,門人為Y,1,1059,
余端臣,王文貫,Directed,學生為Y,1,1164,1196
余闕,戴良,Directed,學生為Y,1,1303,1317
余闕,郭奎,Directed,學生為Y,1,1303,1301
余闕,汪廣洋,Directed,學生為Y,1,1303,1316
余闕,汪河,Directed,學生為Y,1,1303,
余嶸,劉克莊,Directed,學生為Y,1,1162,1187
余學古,胡長孺,Directed,學生為Y,1,1221,1249
俞浙,孫駪,Directed,學生為Y,1,1230,
虞集,趙汸,Directed,學生為Y,1,1272,1319
喻樗,尤袤,Directed,學生為Y,1,1117,1127
喻樗,程迥,Directed,學生為Y,1,1117,1133
袁溉,薛季宣,Directed,學生為Y,1,,1134
袁燮,袁韶,Directed,學生為Y,1,1144,1157
袁燮,汪敏中,Directed,學生為Y,1,1144,1167
袁燮,舒衍,Directed,學生為Y,1,1144,1163
袁燮,胡革,Directed,學生為Y,1,1144,1165
袁燮,章煥,Directed,學生為Y,1,1144,1137
袁燮,朱震,Directed,學生為Y,1,1144,1177
袁燮,胡謙,Directed,學生為Y,1,1144,1157
袁燮,徐愿,Directed,學生為Y,1,1144,1175
袁燮,路康,Directed,學生為Y,1,1144,1153
袁章,戴日宣,Directed,學生為Y,1,1120,1137
岳珂,阮秀實,Directed,門人為Y,1,1183,
詹阜民,喻仲可,Directed,學生為Y,1,1162,
張采,周樸,Directed,學生為Y,1,,1245
張貫之,歐陽玄,Directed,學生為Y,1,,1283
張績,李常,Directed,學生為Y,1,,
張九成,郎曄,Directed,門人為Y,1,1092,
張九成,樊光遠,Directed,學生為Y,1,1092,1102
張九成,汪應辰,Directed,學生為Y,1,1092,1118
張九成,方導,Directed,學生為Y,1,1092,1133
張九成,沈清臣,Directed,學生為Y,1,1092,1127
張九成,倪稱,Directed,學生為Y,1,1092,1116
張九成,陳自修,Directed,學生為Y,1,1092,1136
張九成,于憲,Directed,學生為Y,1,1092,
張九成,李賓,Directed,學生為Y,1,1092,
張九成,徐椿年,Directed,學生為Y,1,1092,1112
張九成,郭浩,Directed,弟子為Y,1,1092,1158
張浚,張傑,Directed,門人為Y,1,1097,1133
張浚,嚴昌裔,Directed,門人為Y,1,1097,
張浚,陸游,Directed,學生為Y,1,1097,1125
張浚,楊萬里,Directed,學生為Y,1,1097,1127
張逵,代淵,Directed,學生為Y,1,975,985
張揆,趙宗立,Directed,學生為Y,1,986,996
張耒,吳怡,Directed,學生為Y,1,1054,
張諒,傅逸,Directed,學生為Y,1,,
張諒,盧道寧,Directed,學生為Y,1,,
張齊賢,郭延卿,Directed,學生為Y,1,943,
張栻,宋剛仲,Directed,門人為Y,1,1133,
張栻,宋文仲,Directed,門人為Y,1,1133,
張栻,趙方,Directed,門人為Y,1,1133,1158
張栻,王居仁,Directed,門人為Y,1,1133,1142
張栻,吳倫,Directed,門人為Y,1,1133,
張栻,范子長,Directed,學生為Y,1,1133,1151
張栻,潘友端,Directed,學生為Y,1,1133,1154
張栻,胡大時,Directed,學生為Y,1,1133,1136
張栻,范仲黼,Directed,學生為Y,1,1133,1148
張栻,蘇權,Directed,學生為Y,1,1133,1154
張栻,張庶,Directed,學生為Y,1,1133,1136
張栻,趙方,Directed,學生為Y,1,1133,1158
張栻,曾集,Directed,學生為Y,1,1133,1130
張栻,趙善佐,Directed,學生為Y,1,1133,1134
張栻,張士佺,Directed,學生為Y,1,1133,1143
張栻,游九言,Directed,學生為Y,1,1133,1142
張栻,王遇,Directed,學生為Y,1,1133,1142
張栻,吳必大,Directed,學生為Y,1,1133,
張栻,梁子強,Directed,學生為Y,1,1133,
張栻,張巽,Directed,學生為Y,1,1133,
張栻,張仕佺,Directed,學生為Y,1,1133,1143
張栻,陳琦,Directed,學生為Y,1,1133,1136
張栻,黃執矩,Directed,學生為Y,1,1133,
張栻,賈林,Directed,學生為Y,1,1133,
張栻,楊知章,Directed,學生為Y,1,1133,
張栻,葉定,Directed,學生為Y,1,1133,
張栻,蔣復,Directed,學生為Y,1,1133,
張栻,蔣元夫,Directed,學生為Y,1,1133,
張栻,鍾如愚,Directed,學生為Y,1,1133,
張栻,鍾炤之,Directed,學生為Y,1,1133,1130
張栻,簡克己,Directed,學生為Y,1,1133,
張栻,周奭,Directed,弟子為Y,1,1133,
張希顏,任源,Directed,學生為Y,1,,1116
張希顏,任源,Directed,弟子為Y,1,,1116
張孝祥,董道輔,Directed,學生為Y,1,1132,
張孝祥,謝堯仁,Directed,學生為Y,1,1132,
張昕,黎明,Directed,學生為Y,1,,
張行成,呂凝之,Directed,門人為Y,1,1102,1121
張行成,馮履,Directed,門人為Y,1,1102,1160
張行成,呂凝之,Directed,學生為Y,1,1102,1121
張䇓,楊剛中,Directed,學生為Y,1,1236,1287
張訓禮,劉松年,Directed,學生為Y,1,,
張楧,葛乾孫,Directed,學生為Y,1,1260,1305
張以寧,石光霽,Directed,門人為Y,1,1301,
張以寧,石光霽,Directed,學生為Y,1,1301,
張易簡,蘇軾,Directed,學生為Y,1,,1036
張易簡,陳太初,Directed,學生為Y,1,,
張奕,張希房,Directed,學生為Y,1,1012,
張應辰,徐雷開,Directed,學生為Y,1,,1196
張應辰,黃霆發,Directed,學生為Y,1,,1184
張雨,張簡,Directed,學生為Y,1,1283,
張裕,徐霖,Directed,學生為Y,1,,1214
張元德,徐伯琛,Directed,學生為Y,1,,
張元素,李杲,Directed,學生為Y,1,,1180
張遠,郝士安,Directed,弟子為Y,1,,
張載,薛昌朝,Directed,門人為Y,1,1020,1028
張載,范育,Directed,學生為Y,1,1020,1027
張載,游師雄,Directed,學生為Y,1,1020,1038
張載,呂大鈞,Directed,學生為Y,1,1020,1031
張載,呂大臨,Directed,學生為Y,1,1020,1044
張載,李復,Directed,學生為Y,1,1020,1049
張載,蘇昞,Directed,學生為Y,1,1020,1043
張載,田腴,Directed,學生為Y,1,1020,
張載,潘拯,Directed,學生為Y,1,1020,
張載,劉公彥,Directed,學生為Y,1,1020,1049
張正己,張覺民,Directed,學生為Y,1,,
張中行,李彤,Directed,學生為Y,1,,1019
張中行,李彤,Directed,學生為Y,1,,1019
張翥,陶宗儀,Directed,學生為Y,1,1287,1329
張鑄,王安石,Directed,門人為Y,1,1000,1021
張鑄,王安石,Directed,學生為Y,1,1000,1021
張子覺,支時起,Directed,門人為Y,1,,
張子覺,支時起,Directed,門人為Y,1,,
張子覺,李石,Directed,學生為Y,1,,1108
趙,祖無擇,Directed,門人為Y,1,1187,1011
趙,文彥博,Directed,學生為Y,1,1187,1006
趙,文彥若,Directed,學生為Y,1,1187,1015
趙昌,林椿,Directed,學生為Y,1,,
趙昌,王友,Directed,學生為Y,1,,
趙鼎,王大寶,Directed,學生為Y,1,1085,1094
趙蕃,施霆亨,Directed,學生為Y,1,1143,
趙蕃,鄭夢協,Directed,學生為Y,1,1143,
趙汸,倪尚誼,Directed,學生為Y,1,1319,1333
趙汸,汪洗,Directed,學生為Y,1,1319,
趙汸,金居敬,Directed,學生為Y,1,1319,1321
趙汸,范準,Directed,學生為Y,1,1319,
趙庚,黃以寧,Directed,學生為Y,1,1151,1157
趙葵,劉虎,Directed,學生為Y,1,1186,
趙良鈞,俞皋,Directed,學生為Y,1,1241,
趙孟頫,柳貫,Directed,學生為Y,1,1254,1270
趙孟頫,許晉孫,Directed,學生為Y,1,1254,1288
趙孟頫,黃公望,Directed,學生為Y,1,1254,1269
趙孟頫,陳范,Directed,學生為Y,1,1254,
趙汝回,潘希白,Directed,學生為Y,1,1184,1223
趙偕,羅本,Directed,學生為Y,1,1277,
趙以夫,鄭與言,Directed,學生為Y,1,1189,1215
眞德秀,劉應李,Directed,學生為Y,1,,1244
真德秀,金文剛,Directed,門人為Y,1,1178,1188
真德秀,李遇,Directed,門人為Y,1,1178,1178
真德秀,孔元龍,Directed,門人為Y,1,1178,1178
真德秀,呂中,Directed,門人為Y,1,1178,
真德秀,呂仁,Directed,門人為Y,1,1178,
真德秀,呂良才,Directed,門人為Y,1,1178,
真德秀,林存,Directed,門人為Y,1,1178,1208
真德秀,劉克莊,Directed,學生為Y,1,1178,1187
真德秀,陳均,Directed,學生為Y,1,1178,
真德秀,李遇,Directed,學生為Y,1,1178,1178
真德秀,湯漢,Directed,學生為Y,1,1178,1214
真德秀,江塤,Directed,學生為Y,1,1178,1169
真德秀,宋普,Directed,學生為Y,1,1178,1183
真德秀,周天驥,Directed,學生為Y,1,1178,
真德秀,趙師宰,Directed,學生為Y,1,1178,
真德秀,劉炎,Directed,學生為Y,1,1178,1141
真德秀,龍崇,Directed,學生為Y,1,1178,
真德秀,王埜,Directed,弟子為Y,1,1178,1197
真德秀,曹錫,Directed,弟子為Y,1,1178,1178
鄭邦彥,萬世延,Directed,學生為Y,1,,1097
鄭伯熊,陳傅良,Directed,學生為Y,1,1115,1137
鄭伯熊,朱伯起,Directed,學生為Y,1,1115,
鄭伯熊,木待問,Directed,弟子為Y,1,1115,1133
鄭禮之,呂復,Directed,學生為Y,1,,
鄭霖,李演,Directed,學生為Y,1,1199,
鄭樵,楊興宗,Directed,學生為Y,1,1104,1130
鄭清之,應後,Directed,學生為Y,1,1176,1193
鄭深,阿速吉八,Directed,學生為Y,1,1314,1306
鄭獬,王得臣,Directed,學生為Y,1,1022,1029
鄭元佑,高遜志,Directed,學生為Y,1,,1339
鄭章,鄭若冲,Directed,學生為Y,1,1118,1146
种放,薛田,Directed,學生為Y,1,952,968
种放,高懌,Directed,學生為Y,1,952,
种放,李溉,Directed,學生為Y,1,952,
种放,高弁,Directed,學生為Y,1,952,966
种放,張荷,Directed,學生為Y,1,952,
种放,劉槩,Directed,學生為Y,1,952,
种放,劉孟節,Directed,學生為Y,1,952,
种放,韓退,Directed,學生為Y,1,952,
周必大,侯世昭,Directed,門人為Y,1,1126,
周必大,曾槐,Directed,學生為Y,1,1126,1148
周弼,顧逄,Directed,門人為Y,1,,
周弼,高常,Directed,學生為Y,1,,
周伯琦,高遜志,Directed,學生為Y,1,1298,1339
周敦頤,程顥,Directed,學生為Y,1,1017,1032
周敦頤,程頤,Directed,學生為Y,1,1017,1033
周敦頤,張宗範,Directed,學生為Y,1,1017,
周孚,朱叔珤,Directed,學生為Y,1,1135,
周葵,倪樸,Directed,學生為Y,1,1098,
周文敏,劉虹,Directed,學生為Y,1,,
周希孟,曾伉,Directed,門人為Y,1,,1023
周希孟,潘鯁,Directed,學生為Y,1,,1036
周行己,葉漸,Directed,學生為Y,1,1061,1069
朱炳,徐鹿卿,Directed,學生為Y,1,,1189
朱炳,徐鹿卿,Directed,學生為Y,1,,1189
朱公遷,洪初,Directed,學生為Y,1,1263,
朱洪範,胡斗元,Directed,學生為Y,1,1223,1224
朱渙,文天祥,Directed,學生為Y,1,1193,1236
朱渙,文天祥,Directed,學生為Y,1,1193,1236
朱銳,吳俊臣,Directed,學生為Y,1,,
朱松,羅願,Directed,學生為Y,1,1097,1136
朱松,程鼎,Directed,學生為Y,1,1097,1107
朱松,劉文伯,Directed,學生為Y,1,1097,
朱熹,周莊仲,Directed,門人為Y,1,1130,1085
朱熹,周元卿,Directed,門人為Y,1,1130,1140
朱熹,朱塾,Directed,門人為Y,1,1130,1153
朱熹,蔡元定,Directed,門人為Y,1,1130,1135
朱熹,蔡淵,Directed,門人為Y,1,1130,1156
朱熹,蔡模,Directed,門人為Y,1,1130,1188
朱熹,蔡杭,Directed,門人為Y,1,1130,1193
朱熹,趙善待,Directed,門人為Y,1,1130,1128
朱熹,趙師淵,Directed,門人為Y,1,1130,1142
朱熹,呂喬年,Directed,門人為Y,1,1130,1165
朱熹,趙師夏,Directed,門人為Y,1,1130,1160
朱熹,楊長孺,Directed,門人為Y,1,1130,1157
朱熹,王漢,Directed,門人為Y,1,1130,1152
朱熹,曹彥約,Directed,門人為Y,1,1130,1157
朱熹,陳守,Directed,門人為Y,1,1130,1148
朱熹,陳宓,Directed,門人為Y,1,1130,1171
朱熹,陳址,Directed,門人為Y,1,1130,1134
朱熹,鄭昭先,Directed,門人為Y,1,1130,1157
朱熹,劉起晦,Directed,門人為Y,1,1130,1142
朱熹,潘植,Directed,門人為Y,1,1130,1166
朱熹,潘柄,Directed,門人為Y,1,1130,1168
朱熹,黃杲,Directed,門人為Y,1,1130,1117
朱熹,余元一,Directed,門人為Y,1,1130,1148
朱熹,傅誠,Directed,門人為Y,1,1130,1151
朱熹,方大壯,Directed,門人為Y,1,1130,1183
朱熹,方符,Directed,門人為Y,1,1130,1176
朱熹,熊以寧,Directed,門人為Y,1,1130,1148
朱熹,熊節,Directed,門人為Y,1,1130,1169
朱熹,祝穆,Directed,門人為Y,1,1130,1190
朱熹,祝癸,Directed,門人為Y,1,1130,1192
朱熹,朱埜,Directed,門人為Y,1,1130,1148
朱熹,方耒,Directed,門人為Y,1,1130,1136
朱熹,方壬,Directed,門人為Y,1,1130,1147
朱熹,林振,Directed,門人為Y,1,1130,1160
朱熹,李東,Directed,門人為Y,1,1130,1160
朱熹,鄭可學,Directed,門人為Y,1,1130,1152
朱熹,黃東,Directed,門人為Y,1,1130,1137
朱熹,朱在,Directed,門人為Y,1,1130,1155
朱熹,黃㽦,Directed,門人為Y,1,1130,1150
朱熹,劉孟容,Directed,門人為Y,1,1130,1151
朱熹,詹儀之,Directed,門人為Y,1,1130,1121
朱熹,陳枅,Directed,門人為Y,1,1130,1165
朱熹,章康,Directed,門人為Y,1,1130,1183
朱熹,傅伯壽,Directed,門人為Y,1,1130,1133
朱熹,傅伯成,Directed,門人為Y,1,1130,1143
朱熹,劉爚,Directed,門人為Y,1,1130,1144
朱熹,應純之,Directed,門人為Y,1,1130,1172
朱熹,應謙之,Directed,門人為Y,1,1130,1160
朱熹,應茂之,Directed,門人為Y,1,1130,1169
朱熹,石洪慶,Directed,門人為Y,1,1130,1055
朱熹,符敘,Directed,門人為Y,1,1130,1151
朱熹,郭津,Directed,門人為Y,1,1130,1158
朱熹,郭浩,Directed,門人為Y,1,1130,1158
朱熹,潘履孫,Directed,門人為Y,1,1130,1166
朱熹,黃灝,Directed,門人為Y,1,1130,1130
朱熹,戴蒙,Directed,門人為Y,1,1130,1160
朱熹,黃謙,Directed,門人為Y,1,1130,1157
朱熹,李相祖,Directed,門人為Y,1,1130,1179
朱熹,郭磊卿,Directed,門人為Y,1,1130,1184
朱熹,李友仁,Directed,門人為Y,1,1130,1156
朱熹,林士謙,Directed,門人為Y,1,1130,1154
朱熹,劉淮,Directed,門人為Y,1,1130,1160
朱熹,王洽,Directed,門人為Y,1,1130,1152
朱熹,陸濬,Directed,門人為Y,1,1130,1181
朱熹,杜知仁,Directed,門人為Y,1,1130,1145
朱熹,林鼐,Directed,門人為Y,1,1130,1144
朱熹,陶暘,Directed,門人為Y,1,1130,
朱熹,滕珙,Directed,門人為Y,1,1130,1157
朱熹,竇從周,Directed,門人為Y,1,1130,
朱熹,竇澄,Directed,門人為Y,1,1130,
朱熹,曹叔遠,Directed,門人為Y,1,1130,1160
朱熹,程洵,Directed,門人為Y,1,1130,1135
朱熹,董銖,Directed,門人為Y,1,1130,1152
朱熹,陳文蔚,Directed,門人為Y,1,1130,1154
朱熹,翁易,Directed,門人為Y,1,1130,1166
朱熹,吳獵,Directed,門人為Y,1,1130,1143
朱熹,楊至,Directed,門人為Y,1,1130,
朱熹,趙綸,Directed,門人為Y,1,1130,1164
朱熹,吳琮,Directed,門人為Y,1,1130,1154
朱熹,劉堯夫,Directed,門人為Y,1,1130,
朱熹,廖德明,Directed,門人為Y,1,1130,1139
朱熹,鍾震,Directed,門人為Y,1,1130,1166
朱熹,高松,Directed,門人為Y,1,1130,1154
朱熹,趙子明(字),Directed,門人為Y,1,1130,1070
朱熹,程端蒙,Directed,門人為Y,1,1130,1143
朱熹,魏孝伯,Directed,門人為Y,1,1130,1146
朱熹,饒幹,Directed,門人為Y,1,1130,1145
朱熹,葉湜,Directed,門人為Y,1,1130,1168
朱熹,江默,Directed,門人為Y,1,1130,1139
朱熹,劉黻,Directed,門人為Y,1,1130,1178
朱熹,劉黼,Directed,門人為Y,1,1130,1180
朱熹,林至,Directed,門人為Y,1,1130,1147
朱熹,杜旝,Directed,門人為Y,1,1130,
朱熹,王阮,Directed,門人為Y,1,1130,1145
朱熹,趙師騫,Directed,門人為Y,1,1130,1150
朱熹,趙師游,Directed,門人為Y,1,1130,1150
朱熹,劉炎,Directed,門人為Y,1,1130,
朱熹,王景仁,Directed,門人為Y,1,1130,
朱熹,鄭性之,Directed,門人為Y,1,1130,1172
朱熹,葉味道,Directed,門人為Y,1,1130,1190
朱熹,康淵,Directed,門人為Y,1,1130,
朱熹,方伯起,Directed,門人為Y,1,1130,
朱熹,劉成道,Directed,門人為Y,1,1130,
朱熹,趙唯夫,Directed,門人為Y,1,1130,
朱熹,楊復,Directed,門人為Y,1,1130,
朱熹,饒敏學,Directed,門人為Y,1,1130,
朱熹,甘節,Directed,門人為Y,1,1130,
朱熹,丘珏,Directed,門人為Y,1,1130,
朱熹,江孚先,Directed,門人為Y,1,1130,
朱熹,任忠厚,Directed,門人為Y,1,1130,
朱熹,朱魯叔,Directed,門人為Y,1,1130,
朱熹,宋之源,Directed,門人為Y,1,1130,1158
朱熹,宋斌,Directed,門人為Y,1,1130,
朱熹,杜範,Directed,門人為Y,1,1130,1182
朱熹,李大訓,Directed,門人為Y,1,1130,1166
朱熹,李亢宗,Directed,門人為Y,1,1130,
朱熹,李周翰,Directed,門人為Y,1,1130,1223
朱熹,吳玭,Directed,門人為Y,1,1130,1152
朱熹,李伯誠,Directed,門人為Y,1,1130,
朱熹,吳倫,Directed,門人為Y,1,1130,
朱熹,吳昶,Directed,門人為Y,1,1130,1156
朱熹,吳壽昌,Directed,門人為Y,1,1130,
朱熹,呂炎,Directed,門人為Y,1,1130,
朱熹,吳振,Directed,門人為Y,1,1130,1157
朱熹,呂煥,Directed,門人為Y,1,1130,
朱熹,呂燾,Directed,門人為Y,1,1130,
朱熹,林羽,Directed,門人為Y,1,1130,
朱熹,余思齋,Directed,門人為Y,1,1130,
朱熹,林大春,Directed,門人為Y,1,1130,
朱熹,林用中,Directed,門人為Y,1,1130,
朱熹,周良,Directed,門人為Y,1,1130,1184
朱熹,林夔孫,Directed,門人為Y,1,1130,
朱熹,林易簡,Directed,門人為Y,1,1130,
朱熹,范元裕,Directed,門人為Y,1,1130,1162
朱熹,諸葛千能,Directed,門人為Y,1,1130,1151
朱熹,孫調,Directed,門人為Y,1,1130,1126
朱熹,孫自任,Directed,門人為Y,1,1130,
朱熹,許升,Directed,門人為Y,1,1130,1122
朱熹,許瑾,Directed,門人為Y,1,1130,
朱熹,許儉,Directed,門人為Y,1,1130,
朱熹,許文蔚,Directed,門人為Y,1,1130,1160
朱熹,曹建,Directed,門人為Y,1,1130,1120
朱熹,子升,Directed,門人為Y,1,1130,
朱熹,方毅父,Directed,門人為Y,1,1130,
朱熹,王力行,Directed,門人為Y,1,1130,
朱熹,王子充,Directed,門人為Y,1,1130,
朱熹,王子周,Directed,門人為Y,1,1130,
朱熹,王壬,Directed,門人為Y,1,1130,
朱熹,王朝,Directed,門人為Y,1,1130,
朱熹,朱季繹,Directed,門人為Y,1,1130,
朱熹,江元益,Directed,門人為Y,1,1130,
朱熹,江疇,Directed,門人為Y,1,1130,
朱熹,何巨源,Directed,門人為Y,1,1130,
朱熹,余正父(字),Directed,門人為Y,1,1130,
朱熹,余潔,Directed,門人為Y,1,1130,
朱熹,吳伯英(字),Directed,門人為Y,1,1130,
朱熹,吳伯遊,Directed,門人為Y,1,1130,
朱熹,吳知先,Directed,門人為Y,1,1130,
朱熹,吳南,Directed,門人為Y,1,1130,
朱熹,吳浩,Directed,門人為Y,1,1130,
朱熹,吳楶,Directed,門人為Y,1,1130,
朱熹,杜煜,Directed,門人為Y,1,1130,
朱熹,金去偽,Directed,門人為Y,1,1130,
朱熹,金朋說,Directed,門人為Y,1,1130,
朱熹,徐寓,Directed,門人為Y,1,1130,
朱熹,徐昭然,Directed,門人為Y,1,1130,
朱熹,郭叔雲,Directed,門人為Y,1,1130,
朱熹,張宗說,Directed,門人為Y,1,1130,
朱熹,張彥清,Directed,門人為Y,1,1130,1155
朱熹,張顯父,Directed,門人為Y,1,1130,1157
朱熹,陳易,Directed,門人為Y,1,1130,1166
朱熹,陳埴,Directed,門人為Y,1,1130,1157
朱熹,陳範,Directed,門人為Y,1,1130,1184
朱熹,陳駿,Directed,門人為Y,1,1130,1139
朱熹,陳邦衡,Directed,門人為Y,1,1130,
朱熹,馮洽,Directed,門人為Y,1,1130,
朱熹,馮椅,Directed,門人為Y,1,1130,1163
朱熹,馮允中,Directed,門人為Y,1,1130,
朱熹,游倪,Directed,門人為Y,1,1130,
朱熹,游儆,Directed,門人為Y,1,1130,
朱熹,童伯羽,Directed,門人為Y,1,1130,
朱熹,曾祖道,Directed,門人為Y,1,1130,
朱熹,曾逢震,Directed,門人為Y,1,1130,
朱熹,曾興宗,Directed,門人為Y,1,1130,1146
朱熹,黃卓,Directed,門人為Y,1,1130,
朱熹,黃寅,Directed,門人為Y,1,1130,
朱熹,黃士毅,Directed,門人為Y,1,1130,
朱熹,黃孝恭,Directed,門人為Y,1,1130,
朱熹,黃義勇,Directed,門人為Y,1,1130,
朱熹,黃義剛,Directed,門人為Y,1,1130,
朱熹,黃顯子,Directed,門人為Y,1,1130,
朱熹,賀善,Directed,門人為Y,1,1130,
朱熹,傅修,Directed,門人為Y,1,1130,1139
朱熹,程樗,Directed,門人為Y,1,1130,
朱熹,程若中,Directed,門人為Y,1,1130,
朱熹,楊驤,Directed,門人為Y,1,1130,
朱熹,楊友直,Directed,門人為Y,1,1130,
朱熹,楊道夫,Directed,門人為Y,1,1130,
朱熹,楊若海,Directed,門人為Y,1,1130,
朱熹,楊與立,Directed,門人為Y,1,1130,1186
朱熹,楊履正,Directed,門人為Y,1,1130,
朱熹,㬊淵,Directed,門人為Y,1,1130,
朱熹,董拱壽,Directed,門人為Y,1,1130,
朱熹,萬人英,Directed,門人為Y,1,1130,
朱熹,萬人傑,Directed,門人為Y,1,1130,
朱熹,葉震,Directed,門人為Y,1,1130,
朱熹,葉文炳,Directed,門人為Y,1,1130,1150
朱熹,葉武子,Directed,門人為Y,1,1130,1183
朱熹,葉任道,Directed,門人為Y,1,1130,1192
朱熹,詹介,Directed,門人為Y,1,1130,
朱熹,詹淳,Directed,門人為Y,1,1130,
朱熹,鄒輗,Directed,門人為Y,1,1130,
朱熹,鄒補之,Directed,門人為Y,1,1130,1145
朱熹,廖謙,Directed,門人為Y,1,1130,1157
朱熹,廖晉卿(字),Directed,門人為Y,1,1130,
朱熹,趙唐卿,Directed,門人為Y,1,1130,
朱熹,趙師,Directed,門人為Y,1,1130,1160
朱熹,趙師恕,Directed,門人為Y,1,1130,
朱熹,熊兆,Directed,門人為Y,1,1130,
朱熹,潘時舉,Directed,門人為Y,1,1130,
朱熹,鄭文遹,Directed,門人為Y,1,1130,1168
朱熹,鄭申之,Directed,門人為Y,1,1130,1139
朱熹,鄭南升,Directed,門人為Y,1,1130,
朱熹,鄭師孟,Directed,門人為Y,1,1130,
朱熹,鄧絅,Directed,門人為Y,1,1130,
朱熹,鄧聘君,Directed,門人為Y,1,1130,
朱熹,歐陽光祖,Directed,門人為Y,1,1130,1142
朱熹,歐陽謙之,Directed,門人為Y,1,1130,
朱熹,蔡念成,Directed,門人為Y,1,1130,
朱熹,黎貴臣,Directed,門人為Y,1,1130,
朱熹,滕璘,Directed,門人為Y,1,1130,1150
朱熹,劉砥,Directed,門人為Y,1,1130,
朱熹,劉賁,Directed,門人為Y,1,1130,
朱熹,劉鏡,Directed,門人為Y,1,1130,
朱熹,劉礪,Directed,門人為Y,1,1130,
朱熹,劉剛中,Directed,門人為Y,1,1130,1181
朱熹,蕭佐,Directed,門人為Y,1,1130,
朱熹,錢木之,Directed,門人為Y,1,1130,
朱熹,戴智老,Directed,門人為Y,1,1130,
朱熹,魏椿,Directed,門人為Y,1,1130,
朱熹,嚴世文,Directed,門人為Y,1,1130,
朱熹,饒克明(字),Directed,門人為Y,1,1130,
朱熹,蘇實,Directed,門人為Y,1,1130,
朱熹,蘇宜久(字),Directed,門人為Y,1,1130,
朱熹,魏丙,Directed,門人為Y,1,1130,
朱熹,戴邁,Directed,門人為Y,1,1130,
朱熹,戴明伯(字),Directed,門人為Y,1,1130,
朱熹,鍾震,Directed,門人為Y,1,1130,
朱熹,鍾子,Directed,門人為Y,1,1130,
朱熹,蕭增光(字),Directed,門人為Y,1,1130,
朱熹,蕭景昭(字),Directed,門人為Y,1,1130,
朱熹,蕭長夫,Directed,門人為Y,1,1130,
朱熹,黎季成,Directed,門人為Y,1,1130,
朱熹,閭丘次孟(字),Directed,門人為Y,1,1130,
朱熹,鍾唐傑(字),Directed,門人為Y,1,1130,
朱熹,鄧子禮,Directed,門人為Y,1,1130,
朱熹,鄭光弼,Directed,門人為Y,1,1130,
朱熹,鄭仲履,Directed,門人為Y,1,1130,
朱熹,陳日善(字),Directed,門人為Y,1,1130,
朱熹,陳仲卿,Directed,門人為Y,1,1130,
朱熹,李文,Directed,門人為Y,1,1130,
朱熹,李約之,Directed,門人為Y,1,1130,
朱熹,李雄,Directed,門人為Y,1,1130,
朱熹,李維申,Directed,門人為Y,1,1130,
朱熹,李夢先,Directed,門人為Y,1,1130,
朱熹,李德之,Directed,門人為Y,1,1130,
朱熹,汪正甫,Directed,門人為Y,1,1130,
朱熹,汪季良,Directed,門人為Y,1,1130,
朱熹,辛適正,Directed,門人為Y,1,1130,
朱熹,周介,Directed,門人為Y,1,1130,
朱熹,周方,Directed,門人為Y,1,1130,1216
朱熹,周亨仲,Directed,門人為Y,1,1130,1143
朱熹,周樁,Directed,門人為Y,1,1130,
朱熹,周震亨,Directed,門人為Y,1,1130,
朱熹,林子淵,Directed,門人為Y,1,1130,
朱熹,林仁寶,Directed,門人為Y,1,1130,
朱熹,林仲參,Directed,門人為Y,1,1130,
朱熹,林充之,Directed,門人為Y,1,1130,
朱熹,林性之,Directed,門人為Y,1,1130,
朱熹,林恪,Directed,門人為Y,1,1130,
朱熹,林恭甫,Directed,門人為Y,1,1130,
朱熹,林揆,Directed,門人為Y,1,1130,
朱熹,林賜,Directed,門人為Y,1,1130,
朱熹,季容甫,Directed,門人為Y,1,1130,
朱熹,邵漢臣,Directed,門人為Y,1,1130,
朱熹,俞潔己,Directed,門人為Y,1,1130,
朱熹,南城熊,Directed,門人為Y,1,1130,
朱熹,姜大中,Directed,門人為Y,1,1130,
朱熹,胡杓,Directed,門人為Y,1,1130,
朱熹,唐總卿,Directed,門人為Y,1,1130,
朱熹,徐子顏,Directed,門人為Y,1,1130,
朱熹,徐元震,Directed,門人為Y,1,1130,
朱熹,徐孟實,Directed,門人為Y,1,1130,
朱熹,徐彥章,Directed,門人為Y,1,1130,
朱熹,徐容,Directed,門人為Y,1,1130,
朱熹,徐琳,Directed,門人為Y,1,1130,
朱熹,袁子節,Directed,門人為Y,1,1130,
朱熹,馬節之,Directed,門人為Y,1,1130,
朱熹,張公巽,Directed,門人為Y,1,1130,
朱熹,張仁叟(字),Directed,門人為Y,1,1130,
朱熹,張以道(字),Directed,門人為Y,1,1130,
朱熹,梁謙,Directed,門人為Y,1,1130,
朱熹,許子春,Directed,門人為Y,1,1130,
朱熹,許閎,Directed,門人為Y,1,1130,
朱熹,許敬之(字),Directed,門人為Y,1,1130,
朱熹,郭友仁,Directed,門人為Y,1,1130,
朱熹,郭植,Directed,門人為Y,1,1130,
朱熹,郭逍遙,Directed,門人為Y,1,1130,
朱熹,陳士直,Directed,門人為Y,1,1130,
朱熹,陳子安(字),Directed,門人為Y,1,1130,
朱熹,陳公直(字),Directed,門人為Y,1,1130,
朱熹,陳希周,Directed,門人為Y,1,1130,
朱熹,陳希真,Directed,門人為Y,1,1130,
朱熹,陳芝,Directed,門人為Y,1,1130,
朱熹,陳邦鑰,Directed,門人為Y,1,1130,
朱熹,陳厚之,Directed,門人為Y,1,1130,
朱熹,陳祖永,Directed,門人為Y,1,1130,
朱熹,陳寅仲(字),Directed,門人為Y,1,1130,
朱熹,陳寅伯(字),Directed,門人為Y,1,1130,
朱熹,陳華,Directed,門人為Y,1,1130,
朱熹,陳萃,Directed,門人為Y,1,1130,
朱熹,陳敬之,Directed,門人為Y,1,1130,
朱熹,陳齊仲,Directed,門人為Y,1,1130,
朱熹,陳夢良,Directed,門人為Y,1,1130,
朱熹,陶安國(字),Directed,門人為Y,1,1130,
朱熹,陸伯振,Directed,門人為Y,1,1130,
朱熹,舒高,Directed,門人為Y,1,1130,
朱熹,傅君定(字),Directed,門人為Y,1,1130,
朱熹,傅定,Directed,門人為Y,1,1130,
朱熹,傅修,Directed,門人為Y,1,1130,
朱熹,馮德英(字),Directed,門人為Y,1,1130,
朱熹,黃子功,Directed,門人為Y,1,1130,
朱熹,黃有開,Directed,門人為Y,1,1130,
朱熹,黃景申,Directed,門人為Y,1,1130,
朱熹,黃達才(字),Directed,門人為Y,1,1130,
朱熹,黃謙,Directed,門人為Y,1,1130,
朱熹,楊黻,Directed,門人為Y,1,1130,
朱熹,詹觀,Directed,門人為Y,1,1130,
朱熹,輔萬,Directed,門人為Y,1,1130,
朱熹,劉定夫,Directed,門人為Y,1,1130,1153
朱熹,劉居之,Directed,門人為Y,1,1130,
朱熹,劉思忠,Directed,門人為Y,1,1130,1151
朱熹,劉棟,Directed,門人為Y,1,1130,
朱熹,劉源,Directed,門人為Y,1,1130,
朱熹,魯可幾(字),Directed,門人為Y,1,1130,
朱熹,德先(字),Directed,門人為Y,1,1130,
朱熹,滕玶,Directed,門人為Y,1,1130,
朱熹,蔣元進,Directed,門人為Y,1,1130,
朱熹,蔣叔蒙,Directed,門人為Y,1,1130,
朱熹,蔣明之(字),Directed,門人為Y,1,1130,
朱熹,蔣端夫(字),Directed,門人為Y,1,1130,
朱熹,鄭大錫,Directed,門人為Y,1,1130,
朱熹,譚,Directed,門人為Y,1,1130,
朱熹,蔡㦛,Directed,門人為Y,1,1130,
朱熹,潘友恭,Directed,學生為Y,1,1130,1156
朱熹,潘友端,Directed,學生為Y,1,1130,1154
朱熹,湯泳,Directed,學生為Y,1,1130,
朱熹,石宗昭,Directed,學生為Y,1,1130,1142
朱熹,蔡元定,Directed,學生為Y,1,1130,1135
朱熹,蔡沆,Directed,學生為Y,1,1130,1165
朱熹,蔡沈,Directed,學生為Y,1,1130,1167
朱熹,趙師雍,Directed,學生為Y,1,1130,1157
朱熹,趙師蒧,Directed,學生為Y,1,1130,1175
朱熹,趙師端,Directed,學生為Y,1,1130,1154
朱熹,輔廣,Directed,學生為Y,1,1130,
朱熹,王瀚,Directed,學生為Y,1,1130,1152
朱熹,包約,Directed,學生為Y,1,1130,1150
朱熹,包揚,Directed,學生為Y,1,1130,1152
朱熹,包遜,Directed,學生為Y,1,1130,1152
朱熹,包恢,Directed,學生為Y,1,1130,1182
朱熹,曹彥純,Directed,學生為Y,1,1130,1155
朱熹,陳秠,Directed,學生為Y,1,1130,1154
朱熹,陳宇,Directed,學生為Y,1,1130,1143
朱熹,陳定,Directed,學生為Y,1,1130,1111
朱熹,潘柄,Directed,學生為Y,1,1130,1168
朱熹,黃榦,Directed,學生為Y,1,1130,1152
朱熹,黃榦,Directed,學生為Y,1,1130,1152
朱熹,劉學古,Directed,學生為Y,1,1130,1168
朱熹,趙崇度,Directed,學生為Y,1,1130,1175
朱熹,祝穆,Directed,學生為Y,1,1130,1190
朱熹,陳孔夙,Directed,學生為Y,1,1130,1169
朱熹,陳孔碩,Directed,學生為Y,1,1130,1145
朱熹,曾三聘,Directed,學生為Y,1,1130,1144
朱熹,石斗文,Directed,學生為Y,1,1130,1129
朱熹,陳枅,Directed,學生為Y,1,1130,1165
朱熹,章康,Directed,學生為Y,1,1130,1183
朱熹,傅伯成,Directed,學生為Y,1,1130,1143
朱熹,詹體仁,Directed,學生為Y,1,1130,1143
朱熹,詹淵,Directed,學生為Y,1,1130,1168
朱熹,劉爚,Directed,學生為Y,1,1130,1144
朱熹,劉炳,Directed,學生為Y,1,1130,1148
朱熹,劉炯,Directed,學生為Y,1,1130,1169
朱熹,周直卿,Directed,學生為Y,1,1130,
朱熹,徐僑,Directed,學生為Y,1,1130,1160
朱熹,方誼,Directed,學生為Y,1,1130,1132
朱熹,符敘,Directed,學生為Y,1,1130,1151
朱熹,郭津,Directed,學生為Y,1,1130,1158
朱熹,郭浩,Directed,學生為Y,1,1130,1158
朱熹,潘履孫,Directed,學生為Y,1,1130,1166
朱熹,彭尋,Directed,學生為Y,1,1130,1144
朱熹,彭蠡,Directed,學生為Y,1,1130,1146
朱熹,彭方,Directed,學生為Y,1,1130,1163
朱熹,黃謙,Directed,學生為Y,1,1130,1157
朱熹,任希夷,Directed,學生為Y,1,1130,1145
朱熹,李文子,Directed,學生為Y,1,1130,1163
朱熹,李季札,Directed,學生為Y,1,1130,1147
朱熹,劉淮,Directed,學生為Y,1,1130,1160
朱熹,杜爗,Directed,學生為Y,1,1130,1178
朱熹,李璠,Directed,學生為Y,1,1130,
朱熹,林鼐,Directed,學生為Y,1,1130,1144
朱熹,滕珙,Directed,學生為Y,1,1130,1157
朱熹,竇從周,Directed,學生為Y,1,1130,
朱熹,竇澄,Directed,學生為Y,1,1130,
朱熹,楊楫,Directed,學生為Y,1,1130,1150
朱熹,廖德明,Directed,學生為Y,1,1130,1139
朱熹,方禾,Directed,學生為Y,1,1130,1147
朱熹,李宗思,Directed,學生為Y,1,1130,1133
朱熹,張宗說,Directed,學生為Y,1,1130,1145
朱熹,張洽,Directed,學生為Y,1,1130,1178
朱熹,劉黻,Directed,學生為Y,1,1130,1178
朱熹,劉黻,Directed,學生為Y,1,1130,1178
朱熹,劉黼,Directed,學生為Y,1,1130,1180
朱熹,吳仁傑,Directed,學生為Y,1,1130,1148
朱熹,丁克,Directed,學生為Y,1,1130,
朱熹,丁克,Directed,學生為Y,1,1130,
朱熹,葉味道,Directed,學生為Y,1,1130,1190
朱熹,上官謐,Directed,學生為Y,1,1130,1130
朱熹,毛友誠,Directed,學生為Y,1,1130,
朱熹,方伯起,Directed,學生為Y,1,1130,
朱熹,劉成道,Directed,學生為Y,1,1130,
朱熹,王遇,Directed,學生為Y,1,1130,1142
朱熹,王過,Directed,學生為Y,1,1130,
朱熹,龔郯,Directed,學生為Y,1,1130,
朱熹,江嗣,Directed,學生為Y,1,1130,1115
朱熹,丘富國,Directed,學生為Y,1,1130,
朱熹,江文卿,Directed,學生為Y,1,1130,
朱熹,沈僴,Directed,學生為Y,1,1130,
朱熹,宋之汪,Directed,學生為Y,1,1130,1161
朱熹,宋之源,Directed,學生為Y,1,1130,1158
朱熹,李煇,Directed,學生為Y,1,1130,
朱熹,李杞,Directed,學生為Y,1,1130,
朱熹,李燔,Directed,學生為Y,1,1130,1160
朱熹,李大同,Directed,學生為Y,1,1130,1193
朱熹,李亢宗,Directed,學生為Y,1,1130,
朱熹,李孝述,Directed,學生為Y,1,1130,
朱熹,李孺用,Directed,學生為Y,1,1130,1172
朱熹,吳必大,Directed,學生為Y,1,1130,
朱熹,吳英,Directed,學生為Y,1,1130,1130
朱熹,林巒,Directed,學生為Y,1,1130,
朱熹,林補,Directed,學生為Y,1,1130,
朱熹,林仁實,Directed,學生為Y,1,1130,1150
朱熹,林允中,Directed,學生為Y,1,1130,
朱熹,林用中,Directed,學生為Y,1,1130,
朱熹,林憲卿,Directed,學生為Y,1,1130,1148
朱熹,林學履,Directed,學生為Y,1,1130,
朱熹,林夔孫,Directed,學生為Y,1,1130,
朱熹,林鼒,Directed,學生為Y,1,1130,1146
朱熹,周謨,Directed,學生為Y,1,1130,1141
朱熹,林師魯,Directed,學生為Y,1,1130,
朱熹,胡安之,Directed,學生為Y,1,1130,
朱熹,林得遇,Directed,學生為Y,1,1130,
朱熹,范念德,Directed,學生為Y,1,1130,1132
朱熹,俞聞中,Directed,學生為Y,1,1130,1144
朱熹,唐曄,Directed,學生為Y,1,1130,1167
朱熹,范士衡,Directed,學生為Y,1,1130,
朱熹,孫枝,Directed,學生為Y,1,1130,1184
朱熹,時源,Directed,學生為Y,1,1130,1170
朱熹,許文蔚,Directed,學生為Y,1,1130,1160
朱熹,曹晉叔,Directed,學生為Y,1,1130,
朱熹,徐寓,Directed,學生為Y,1,1130,
朱熹,梁瑑,Directed,學生為Y,1,1130,
朱熹,張彥清,Directed,學生為Y,1,1130,1155
朱熹,張德運,Directed,學生為Y,1,1130,
朱熹,張顯父,Directed,學生為Y,1,1130,1157
朱熹,陳易,Directed,學生為Y,1,1130,1166
朱熹,陳埴,Directed,學生為Y,1,1130,1157
朱熹,陳駿,Directed,學生為Y,1,1130,1139
朱熹,陳邦衡,Directed,學生為Y,1,1130,
朱熹,陳齊冲,Directed,學生為Y,1,1130,
朱熹,馮洽,Directed,學生為Y,1,1130,
朱熹,馮椅,Directed,學生為Y,1,1130,1163
朱熹,馮允中,Directed,學生為Y,1,1130,
朱熹,游倪,Directed,學生為Y,1,1130,
朱熹,游儆,Directed,學生為Y,1,1130,
朱熹,曾逢震,Directed,學生為Y,1,1130,
朱熹,曾興宗,Directed,學生為Y,1,1130,1146
朱熹,黃卓,Directed,學生為Y,1,1130,
朱熹,黃寅,Directed,學生為Y,1,1130,
朱熹,黃士毅,Directed,學生為Y,1,1130,
朱熹,黃孝恭,Directed,學生為Y,1,1130,
朱熹,黃義勇,Directed,學生為Y,1,1130,
朱熹,黃義剛,Directed,學生為Y,1,1130,
朱熹,黃顯子,Directed,學生為Y,1,1130,
朱熹,賀善,Directed,學生為Y,1,1130,
朱熹,程珙,Directed,學生為Y,1,1130,
朱熹,程實之,Directed,學生為Y,1,1130,
朱熹,楊士(仕)訓,Directed,學生為Y,1,1130,1162
朱熹,楊友直,Directed,學生為Y,1,1130,
朱熹,楊道夫,Directed,學生為Y,1,1130,
朱熹,楊若海,Directed,學生為Y,1,1130,
朱熹,楊與立,Directed,學生為Y,1,1130,1186
朱熹,楊履正,Directed,學生為Y,1,1130,
朱熹,㬊淵,Directed,學生為Y,1,1130,
朱熹,萬人英,Directed,學生為Y,1,1130,
朱熹,葉寅,Directed,學生為Y,1,1130,
朱熹,葉武子,Directed,學生為Y,1,1130,1183
朱熹,詹介,Directed,學生為Y,1,1130,
朱熹,詹淳,Directed,學生為Y,1,1130,
朱熹,廖俁,Directed,學生為Y,1,1130,1139
朱熹,廖謙,Directed,學生為Y,1,1130,1157
朱熹,廖晉卿(字),Directed,學生為Y,1,1130,
朱熹,廖義剛,Directed,學生為Y,1,1130,
朱熹,趙希漢,Directed,學生為Y,1,1130,
朱熹,趙唐卿,Directed,學生為Y,1,1130,
朱熹,熊兆,Directed,學生為Y,1,1130,
朱熹,潘時舉,Directed,學生為Y,1,1130,
朱熹,鄭會,Directed,學生為Y,1,1130,1181
朱熹,鄭文遹,Directed,學生為Y,1,1130,1168
朱熹,歐陽謙之,Directed,學生為Y,1,1130,
朱熹,滕璘,Directed,學生為Y,1,1130,1150
朱熹,劉砥,Directed,學生為Y,1,1130,
朱熹,劉賁,Directed,學生為Y,1,1130,
朱熹,劉鏡,Directed,學生為Y,1,1130,
朱熹,劉礪,Directed,學生為Y,1,1130,
朱熹,劉子寰,Directed,學生為Y,1,1130,1187
朱熹,劉剛中,Directed,學生為Y,1,1130,1181
朱熹,嚴侶,Directed,學生為Y,1,1130,1271
朱熹,謝璡,Directed,學生為Y,1,1130,
朱熹,謝教,Directed,學生為Y,1,1130,
朱熹,許子春,Directed,學生為Y,1,1130,
朱熹,連某,Directed,學生為Y,1,1130,
朱熹,徐禹,Directed,學生為Y,1,1130,
朱熹,趙惟夫,Directed,學生為Y,1,1130,
朱熹,方士繇,Directed,弟子為Y,1,1130,1148
朱熹,游開,Directed,弟子為Y,1,1130,1121
朱熹,楊簡,Directed,弟子為Y,1,1130,1141
朱熹,程永奇,Directed,弟子為Y,1,1130,1151
朱熹,徐文卿,Directed,弟子為Y,1,1130,1181
朱熹,李方子,Directed,弟子為Y,1,1130,1184
朱熹,高禾,Directed,弟子為Y,1,1130,1151
朱熹,楊方,Directed,弟子為Y,1,1130,1133
朱熹,楊楫,Directed,弟子為Y,1,1130,1150
朱熹,胡泳,Directed,弟子為Y,1,1130,
朱熹,龔栗,Directed,弟子為Y,1,1130,
朱熹,襲蓋卿,Directed,弟子為Y,1,1130,
朱熹,江泰,Directed,弟子為Y,1,1130,
朱熹,朱沅,Directed,弟子為Y,1,1130,
朱熹,汪德輔,Directed,弟子為Y,1,1130,
朱熹,吳雄,Directed,弟子為Y,1,1130,
朱熹,吳恭之,Directed,弟子為Y,1,1130,
朱熹,吳稚,Directed,弟子為Y,1,1130,
朱熹,余隅,Directed,弟子為Y,1,1130,
朱熹,余範,Directed,弟子為Y,1,1130,
朱熹,余宋傑,Directed,弟子為Y,1,1130,
朱熹,周明作,Directed,弟子為Y,1,1130,1141
朱熹,家𢴍,Directed,弟子為Y,1,1130,
朱彥修,程本立,Directed,學生為Y,1,,1339
朱彥修,戴思恭,Directed,學生為Y,1,,1324
朱震,徐畸,Directed,門人為Y,1,1072,
朱震亨,王履,Directed,門人為Y,1,1281,
朱震亨,王履,Directed,學生為Y,1,1281,
朱震亨,趙良仁,Directed,學生為Y,1,1281,1291
朱震亨,戴思恭,Directed,學生為Y,1,1281,1324
諸葛千能,高公亮,Directed,學生為Y,1,1151,
諸葛希仁,王復,Directed,學生為Y,1,,1206
鄒斌,吳潛,Directed,學生為Y,1,1181,1187
鄒斌,吳淵,Directed,學生為Y,1,1181,1190
